split,prompt_id,regime_id,alpha,baseline_margin,pre_dot,observed_delta
validation,completion-02,completion,1.0,-4.117710113525391,0.12789666652679443,0.03129005432128906
validation,completion-05,completion,1.0,-3.191883087158203,-3.175248146057129,0.026633739471435547
validation,instruction-02,instruction,1.0,0.4678773880004883,-3.4794533252716064,0.024923324584960938
validation,instruction-05,instruction,1.0,-0.042476654052734375,-1.0861270427703857,0.03280067443847656
validation,syntax-02,syntax,1.0,-3.5460166931152344,-2.5343363285064697,0.027219772338867188
validation,syntax-05,syntax,1.0,-5.55214262008667,-3.3276872634887695,0.02627086639404297
replication_alpha_1,completion-03,completion,1.0,-4.140007972717285,-1.1674320697784424,0.028397560119628906
replication_alpha_1,completion-06,completion,1.0,-3.741713047027588,-0.8319613337516785,0.02925586700439453
replication_alpha_1,instruction-03,instruction,1.0,0.4789237976074219,-2.9644088745117188,0.03290271759033203
replication_alpha_1,instruction-06,instruction,1.0,0.052430152893066406,-3.663973569869995,0.032296180725097656
replication_alpha_1,syntax-03,syntax,1.0,-6.686509609222412,-4.786593437194824,0.024469375610351562
replication_alpha_1,syntax-06,syntax,1.0,-6.989002227783203,1.9588795900344849,0.02557373046875
replication_alpha_2,completion-03,completion,2.0,-4.140007972717285,-1.1674320697784424,0.0574030876159668
replication_alpha_2,completion-06,completion,2.0,-3.741713047027588,-0.8319613337516785,0.05907249450683594
replication_alpha_2,instruction-03,instruction,2.0,0.4789237976074219,-2.9644088745117188,0.06572246551513672
replication_alpha_2,instruction-06,instruction,2.0,0.052430152893066406,-3.663973569869995,0.06460285186767578
replication_alpha_2,syntax-03,syntax,2.0,-6.686509609222412,-4.786593437194824,0.049944400787353516
replication_alpha_2,syntax-06,syntax,2.0,-6.989002227783203,1.9588795900344849,0.051819801330566406
