catalog,intervention_id,layer,direction_id,alpha,prompt_id,partition,contamination
M23-G,M22.1-D1-L0,0,D1,1.0,g-completion-01,train,CLEAN
M23-G,M22.1-D1-L0,0,D1,1.0,g-completion-02,validation,CLEAN
M23-G,M22.1-D1-L0,0,D1,1.0,g-completion-03,evaluation,CLEAN
M23-G,M22.1-D1-L0,0,D1,1.0,g-completion-04,train,CLEAN
M23-G,M22.1-D1-L0,0,D1,1.0,g-completion-05,validation,CLEAN
M23-G,M22.1-D1-L0,0,D1,1.0,g-completion-06,evaluation,CLEAN
M23-G,M22.1-D1-L0,0,D1,1.0,g-completion-07,train,CLEAN
M23-G,M22.1-D1-L0,0,D1,1.0,g-completion-08,validation,CLEAN
M23-G,M22.1-D1-L0,0,D1,1.0,g-completion-09,evaluation,CLEAN
M23-G,M22.1-D1-L0,0,D1,1.0,g-completion-10,train,CLEAN
M23-G,M22.1-D1-L0,0,D1,1.0,g-completion-11,validation,CLEAN
M23-G,M22.1-D1-L0,0,D1,1.0,g-completion-12,evaluation,CLEAN
M23-G,M22.1-D1-L0,0,D1,1.0,g-syntax-01,train,CLEAN
M23-G,M22.1-D1-L0,0,D1,1.0,g-syntax-02,validation,CLEAN
M23-G,M22.1-D1-L0,0,D1,1.0,g-syntax-03,evaluation,CLEAN
M23-G,M22.1-D1-L0,0,D1,1.0,g-syntax-04,train,CLEAN
M23-G,M22.1-D1-L0,0,D1,1.0,g-syntax-05,validation,CLEAN
M23-G,M22.1-D1-L0,0,D1,1.0,g-syntax-06,evaluation,CLEAN
M23-G,M22.1-D1-L0,0,D1,1.0,g-syntax-07,train,CLEAN
M23-G,M22.1-D1-L0,0,D1,1.0,g-syntax-08,validation,CLEAN
M23-G,M22.1-D1-L0,0,D1,1.0,g-syntax-09,evaluation,CLEAN
M23-G,M22.1-D1-L0,0,D1,1.0,g-syntax-10,train,CLEAN
M23-G,M22.1-D1-L0,0,D1,1.0,g-syntax-11,validation,CLEAN
M23-G,M22.1-D1-L0,0,D1,1.0,g-syntax-12,evaluation,CLEAN
M23-G,M22.1-D1-L0,0,D1,1.0,g-instruction-01,train,CLEAN
M23-G,M22.1-D1-L0,0,D1,1.0,g-instruction-02,validation,CLEAN
M23-G,M22.1-D1-L0,0,D1,1.0,g-instruction-03,evaluation,CLEAN
M23-G,M22.1-D1-L0,0,D1,1.0,g-instruction-04,train,CLEAN
M23-G,M22.1-D1-L0,0,D1,1.0,g-instruction-05,validation,CLEAN
M23-G,M22.1-D1-L0,0,D1,1.0,g-instruction-06,evaluation,CLEAN
M23-G,M22.1-D1-L0,0,D1,1.0,g-instruction-07,train,CLEAN
M23-G,M22.1-D1-L0,0,D1,1.0,g-instruction-08,validation,CLEAN
M23-G,M22.1-D1-L0,0,D1,1.0,g-instruction-09,evaluation,CLEAN
M23-G,M22.1-D1-L0,0,D1,1.0,g-instruction-10,train,CLEAN
M23-G,M22.1-D1-L0,0,D1,1.0,g-instruction-11,validation,CLEAN
M23-G,M22.1-D1-L0,0,D1,1.0,g-instruction-12,evaluation,CLEAN
M22.1,M22.1-D1-L0,0,D1,1.0,completion-01,discovery,CONTAMINATED
M22.1,M22.1-D1-L0,0,D1,1.0,completion-02,validation,CONTAMINATED
M22.1,M22.1-D1-L0,0,D1,1.0,completion-03,replication,PARTIALLY_CONTAMINATED
M22.1,M22.1-D1-L0,0,D1,1.0,completion-04,discovery,CONTAMINATED
M22.1,M22.1-D1-L0,0,D1,1.0,completion-05,validation,CONTAMINATED
M22.1,M22.1-D1-L0,0,D1,1.0,completion-06,replication,PARTIALLY_CONTAMINATED
M22.1,M22.1-D1-L0,0,D1,1.0,instruction-01,discovery,CONTAMINATED
M22.1,M22.1-D1-L0,0,D1,1.0,instruction-02,validation,CONTAMINATED
M22.1,M22.1-D1-L0,0,D1,1.0,instruction-03,replication,PARTIALLY_CONTAMINATED
M22.1,M22.1-D1-L0,0,D1,1.0,instruction-04,discovery,CONTAMINATED
M22.1,M22.1-D1-L0,0,D1,1.0,instruction-05,validation,CONTAMINATED
M22.1,M22.1-D1-L0,0,D1,1.0,instruction-06,replication,PARTIALLY_CONTAMINATED
M22.1,M22.1-D1-L0,0,D1,1.0,syntax-01,discovery,CONTAMINATED
M22.1,M22.1-D1-L0,0,D1,1.0,syntax-02,validation,CONTAMINATED
M22.1,M22.1-D1-L0,0,D1,1.0,syntax-03,replication,PARTIALLY_CONTAMINATED
M22.1,M22.1-D1-L0,0,D1,1.0,syntax-04,discovery,CONTAMINATED
M22.1,M22.1-D1-L0,0,D1,1.0,syntax-05,validation,CONTAMINATED
M22.1,M22.1-D1-L0,0,D1,1.0,syntax-06,replication,PARTIALLY_CONTAMINATED
M23-G,M22.1-D2-L0,0,D2,1.0,g-completion-01,train,CLEAN
M23-G,M22.1-D2-L0,0,D2,1.0,g-completion-02,validation,CLEAN
M23-G,M22.1-D2-L0,0,D2,1.0,g-completion-03,evaluation,CLEAN
M23-G,M22.1-D2-L0,0,D2,1.0,g-completion-04,train,CLEAN
M23-G,M22.1-D2-L0,0,D2,1.0,g-completion-05,validation,CLEAN
M23-G,M22.1-D2-L0,0,D2,1.0,g-completion-06,evaluation,CLEAN
M23-G,M22.1-D2-L0,0,D2,1.0,g-completion-07,train,CLEAN
M23-G,M22.1-D2-L0,0,D2,1.0,g-completion-08,validation,CLEAN
M23-G,M22.1-D2-L0,0,D2,1.0,g-completion-09,evaluation,CLEAN
M23-G,M22.1-D2-L0,0,D2,1.0,g-completion-10,train,CLEAN
M23-G,M22.1-D2-L0,0,D2,1.0,g-completion-11,validation,CLEAN
M23-G,M22.1-D2-L0,0,D2,1.0,g-completion-12,evaluation,CLEAN
M23-G,M22.1-D2-L0,0,D2,1.0,g-syntax-01,train,CLEAN
M23-G,M22.1-D2-L0,0,D2,1.0,g-syntax-02,validation,CLEAN
M23-G,M22.1-D2-L0,0,D2,1.0,g-syntax-03,evaluation,CLEAN
M23-G,M22.1-D2-L0,0,D2,1.0,g-syntax-04,train,CLEAN
M23-G,M22.1-D2-L0,0,D2,1.0,g-syntax-05,validation,CLEAN
M23-G,M22.1-D2-L0,0,D2,1.0,g-syntax-06,evaluation,CLEAN
M23-G,M22.1-D2-L0,0,D2,1.0,g-syntax-07,train,CLEAN
M23-G,M22.1-D2-L0,0,D2,1.0,g-syntax-08,validation,CLEAN
M23-G,M22.1-D2-L0,0,D2,1.0,g-syntax-09,evaluation,CLEAN
M23-G,M22.1-D2-L0,0,D2,1.0,g-syntax-10,train,CLEAN
M23-G,M22.1-D2-L0,0,D2,1.0,g-syntax-11,validation,CLEAN
M23-G,M22.1-D2-L0,0,D2,1.0,g-syntax-12,evaluation,CLEAN
M23-G,M22.1-D2-L0,0,D2,1.0,g-instruction-01,train,CLEAN
M23-G,M22.1-D2-L0,0,D2,1.0,g-instruction-02,validation,CLEAN
M23-G,M22.1-D2-L0,0,D2,1.0,g-instruction-03,evaluation,CLEAN
M23-G,M22.1-D2-L0,0,D2,1.0,g-instruction-04,train,CLEAN
M23-G,M22.1-D2-L0,0,D2,1.0,g-instruction-05,validation,CLEAN
M23-G,M22.1-D2-L0,0,D2,1.0,g-instruction-06,evaluation,CLEAN
M23-G,M22.1-D2-L0,0,D2,1.0,g-instruction-07,train,CLEAN
M23-G,M22.1-D2-L0,0,D2,1.0,g-instruction-08,validation,CLEAN
M23-G,M22.1-D2-L0,0,D2,1.0,g-instruction-09,evaluation,CLEAN
M23-G,M22.1-D2-L0,0,D2,1.0,g-instruction-10,train,CLEAN
M23-G,M22.1-D2-L0,0,D2,1.0,g-instruction-11,validation,CLEAN
M23-G,M22.1-D2-L0,0,D2,1.0,g-instruction-12,evaluation,CLEAN
M22.1,M22.1-D2-L0,0,D2,1.0,completion-01,discovery,CONTAMINATED
M22.1,M22.1-D2-L0,0,D2,1.0,completion-02,validation,CONTAMINATED
M22.1,M22.1-D2-L0,0,D2,1.0,completion-03,replication,PARTIALLY_CONTAMINATED
M22.1,M22.1-D2-L0,0,D2,1.0,completion-04,discovery,CONTAMINATED
M22.1,M22.1-D2-L0,0,D2,1.0,completion-05,validation,CONTAMINATED
M22.1,M22.1-D2-L0,0,D2,1.0,completion-06,replication,PARTIALLY_CONTAMINATED
M22.1,M22.1-D2-L0,0,D2,1.0,instruction-01,discovery,CONTAMINATED
M22.1,M22.1-D2-L0,0,D2,1.0,instruction-02,validation,CONTAMINATED
M22.1,M22.1-D2-L0,0,D2,1.0,instruction-03,replication,PARTIALLY_CONTAMINATED
M22.1,M22.1-D2-L0,0,D2,1.0,instruction-04,discovery,CONTAMINATED
M22.1,M22.1-D2-L0,0,D2,1.0,instruction-05,validation,CONTAMINATED
M22.1,M22.1-D2-L0,0,D2,1.0,instruction-06,replication,PARTIALLY_CONTAMINATED
M22.1,M22.1-D2-L0,0,D2,1.0,syntax-01,discovery,CONTAMINATED
M22.1,M22.1-D2-L0,0,D2,1.0,syntax-02,validation,CONTAMINATED
M22.1,M22.1-D2-L0,0,D2,1.0,syntax-03,replication,PARTIALLY_CONTAMINATED
M22.1,M22.1-D2-L0,0,D2,1.0,syntax-04,discovery,CONTAMINATED
M22.1,M22.1-D2-L0,0,D2,1.0,syntax-05,validation,CONTAMINATED
M22.1,M22.1-D2-L0,0,D2,1.0,syntax-06,replication,PARTIALLY_CONTAMINATED
M23-G,M22.1-D1-L8,8,D1,1.0,g-completion-01,train,CLEAN
M23-G,M22.1-D1-L8,8,D1,1.0,g-completion-02,validation,CLEAN
M23-G,M22.1-D1-L8,8,D1,1.0,g-completion-03,evaluation,CLEAN
M23-G,M22.1-D1-L8,8,D1,1.0,g-completion-04,train,CLEAN
M23-G,M22.1-D1-L8,8,D1,1.0,g-completion-05,validation,CLEAN
M23-G,M22.1-D1-L8,8,D1,1.0,g-completion-06,evaluation,CLEAN
M23-G,M22.1-D1-L8,8,D1,1.0,g-completion-07,train,CLEAN
M23-G,M22.1-D1-L8,8,D1,1.0,g-completion-08,validation,CLEAN
M23-G,M22.1-D1-L8,8,D1,1.0,g-completion-09,evaluation,CLEAN
M23-G,M22.1-D1-L8,8,D1,1.0,g-completion-10,train,CLEAN
M23-G,M22.1-D1-L8,8,D1,1.0,g-completion-11,validation,CLEAN
M23-G,M22.1-D1-L8,8,D1,1.0,g-completion-12,evaluation,CLEAN
M23-G,M22.1-D1-L8,8,D1,1.0,g-syntax-01,train,CLEAN
M23-G,M22.1-D1-L8,8,D1,1.0,g-syntax-02,validation,CLEAN
M23-G,M22.1-D1-L8,8,D1,1.0,g-syntax-03,evaluation,CLEAN
M23-G,M22.1-D1-L8,8,D1,1.0,g-syntax-04,train,CLEAN
M23-G,M22.1-D1-L8,8,D1,1.0,g-syntax-05,validation,CLEAN
M23-G,M22.1-D1-L8,8,D1,1.0,g-syntax-06,evaluation,CLEAN
M23-G,M22.1-D1-L8,8,D1,1.0,g-syntax-07,train,CLEAN
M23-G,M22.1-D1-L8,8,D1,1.0,g-syntax-08,validation,CLEAN
M23-G,M22.1-D1-L8,8,D1,1.0,g-syntax-09,evaluation,CLEAN
M23-G,M22.1-D1-L8,8,D1,1.0,g-syntax-10,train,CLEAN
M23-G,M22.1-D1-L8,8,D1,1.0,g-syntax-11,validation,CLEAN
M23-G,M22.1-D1-L8,8,D1,1.0,g-syntax-12,evaluation,CLEAN
M23-G,M22.1-D1-L8,8,D1,1.0,g-instruction-01,train,CLEAN
M23-G,M22.1-D1-L8,8,D1,1.0,g-instruction-02,validation,CLEAN
M23-G,M22.1-D1-L8,8,D1,1.0,g-instruction-03,evaluation,CLEAN
M23-G,M22.1-D1-L8,8,D1,1.0,g-instruction-04,train,CLEAN
M23-G,M22.1-D1-L8,8,D1,1.0,g-instruction-05,validation,CLEAN
M23-G,M22.1-D1-L8,8,D1,1.0,g-instruction-06,evaluation,CLEAN
M23-G,M22.1-D1-L8,8,D1,1.0,g-instruction-07,train,CLEAN
M23-G,M22.1-D1-L8,8,D1,1.0,g-instruction-08,validation,CLEAN
M23-G,M22.1-D1-L8,8,D1,1.0,g-instruction-09,evaluation,CLEAN
M23-G,M22.1-D1-L8,8,D1,1.0,g-instruction-10,train,CLEAN
M23-G,M22.1-D1-L8,8,D1,1.0,g-instruction-11,validation,CLEAN
M23-G,M22.1-D1-L8,8,D1,1.0,g-instruction-12,evaluation,CLEAN
M22.1,M22.1-D1-L8,8,D1,1.0,completion-01,discovery,CONTAMINATED
M22.1,M22.1-D1-L8,8,D1,1.0,completion-02,validation,CONTAMINATED
M22.1,M22.1-D1-L8,8,D1,1.0,completion-03,replication,PARTIALLY_CONTAMINATED
M22.1,M22.1-D1-L8,8,D1,1.0,completion-04,discovery,CONTAMINATED
M22.1,M22.1-D1-L8,8,D1,1.0,completion-05,validation,CONTAMINATED
M22.1,M22.1-D1-L8,8,D1,1.0,completion-06,replication,PARTIALLY_CONTAMINATED
M22.1,M22.1-D1-L8,8,D1,1.0,instruction-01,discovery,CONTAMINATED
M22.1,M22.1-D1-L8,8,D1,1.0,instruction-02,validation,CONTAMINATED
M22.1,M22.1-D1-L8,8,D1,1.0,instruction-03,replication,PARTIALLY_CONTAMINATED
M22.1,M22.1-D1-L8,8,D1,1.0,instruction-04,discovery,CONTAMINATED
M22.1,M22.1-D1-L8,8,D1,1.0,instruction-05,validation,CONTAMINATED
M22.1,M22.1-D1-L8,8,D1,1.0,instruction-06,replication,PARTIALLY_CONTAMINATED
M22.1,M22.1-D1-L8,8,D1,1.0,syntax-01,discovery,CONTAMINATED
M22.1,M22.1-D1-L8,8,D1,1.0,syntax-02,validation,CONTAMINATED
M22.1,M22.1-D1-L8,8,D1,1.0,syntax-03,replication,PARTIALLY_CONTAMINATED
M22.1,M22.1-D1-L8,8,D1,1.0,syntax-04,discovery,CONTAMINATED
M22.1,M22.1-D1-L8,8,D1,1.0,syntax-05,validation,CONTAMINATED
M22.1,M22.1-D1-L8,8,D1,1.0,syntax-06,replication,PARTIALLY_CONTAMINATED
M23-G,M22.1-D2-L8,8,D2,1.0,g-completion-01,train,CLEAN
M23-G,M22.1-D2-L8,8,D2,1.0,g-completion-02,validation,CLEAN
M23-G,M22.1-D2-L8,8,D2,1.0,g-completion-03,evaluation,CLEAN
M23-G,M22.1-D2-L8,8,D2,1.0,g-completion-04,train,CLEAN
M23-G,M22.1-D2-L8,8,D2,1.0,g-completion-05,validation,CLEAN
M23-G,M22.1-D2-L8,8,D2,1.0,g-completion-06,evaluation,CLEAN
M23-G,M22.1-D2-L8,8,D2,1.0,g-completion-07,train,CLEAN
M23-G,M22.1-D2-L8,8,D2,1.0,g-completion-08,validation,CLEAN
M23-G,M22.1-D2-L8,8,D2,1.0,g-completion-09,evaluation,CLEAN
M23-G,M22.1-D2-L8,8,D2,1.0,g-completion-10,train,CLEAN
M23-G,M22.1-D2-L8,8,D2,1.0,g-completion-11,validation,CLEAN
M23-G,M22.1-D2-L8,8,D2,1.0,g-completion-12,evaluation,CLEAN
M23-G,M22.1-D2-L8,8,D2,1.0,g-syntax-01,train,CLEAN
M23-G,M22.1-D2-L8,8,D2,1.0,g-syntax-02,validation,CLEAN
M23-G,M22.1-D2-L8,8,D2,1.0,g-syntax-03,evaluation,CLEAN
M23-G,M22.1-D2-L8,8,D2,1.0,g-syntax-04,train,CLEAN
M23-G,M22.1-D2-L8,8,D2,1.0,g-syntax-05,validation,CLEAN
M23-G,M22.1-D2-L8,8,D2,1.0,g-syntax-06,evaluation,CLEAN
M23-G,M22.1-D2-L8,8,D2,1.0,g-syntax-07,train,CLEAN
M23-G,M22.1-D2-L8,8,D2,1.0,g-syntax-08,validation,CLEAN
M23-G,M22.1-D2-L8,8,D2,1.0,g-syntax-09,evaluation,CLEAN
M23-G,M22.1-D2-L8,8,D2,1.0,g-syntax-10,train,CLEAN
M23-G,M22.1-D2-L8,8,D2,1.0,g-syntax-11,validation,CLEAN
M23-G,M22.1-D2-L8,8,D2,1.0,g-syntax-12,evaluation,CLEAN
M23-G,M22.1-D2-L8,8,D2,1.0,g-instruction-01,train,CLEAN
M23-G,M22.1-D2-L8,8,D2,1.0,g-instruction-02,validation,CLEAN
M23-G,M22.1-D2-L8,8,D2,1.0,g-instruction-03,evaluation,CLEAN
M23-G,M22.1-D2-L8,8,D2,1.0,g-instruction-04,train,CLEAN
M23-G,M22.1-D2-L8,8,D2,1.0,g-instruction-05,validation,CLEAN
M23-G,M22.1-D2-L8,8,D2,1.0,g-instruction-06,evaluation,CLEAN
M23-G,M22.1-D2-L8,8,D2,1.0,g-instruction-07,train,CLEAN
M23-G,M22.1-D2-L8,8,D2,1.0,g-instruction-08,validation,CLEAN
M23-G,M22.1-D2-L8,8,D2,1.0,g-instruction-09,evaluation,CLEAN
M23-G,M22.1-D2-L8,8,D2,1.0,g-instruction-10,train,CLEAN
M23-G,M22.1-D2-L8,8,D2,1.0,g-instruction-11,validation,CLEAN
M23-G,M22.1-D2-L8,8,D2,1.0,g-instruction-12,evaluation,CLEAN
M22.1,M22.1-D2-L8,8,D2,1.0,completion-01,discovery,CONTAMINATED
M22.1,M22.1-D2-L8,8,D2,1.0,completion-02,validation,CONTAMINATED
M22.1,M22.1-D2-L8,8,D2,1.0,completion-03,replication,PARTIALLY_CONTAMINATED
M22.1,M22.1-D2-L8,8,D2,1.0,completion-04,discovery,CONTAMINATED
M22.1,M22.1-D2-L8,8,D2,1.0,completion-05,validation,CONTAMINATED
M22.1,M22.1-D2-L8,8,D2,1.0,completion-06,replication,PARTIALLY_CONTAMINATED
M22.1,M22.1-D2-L8,8,D2,1.0,instruction-01,discovery,CONTAMINATED
M22.1,M22.1-D2-L8,8,D2,1.0,instruction-02,validation,CONTAMINATED
M22.1,M22.1-D2-L8,8,D2,1.0,instruction-03,replication,PARTIALLY_CONTAMINATED
M22.1,M22.1-D2-L8,8,D2,1.0,instruction-04,discovery,CONTAMINATED
M22.1,M22.1-D2-L8,8,D2,1.0,instruction-05,validation,CONTAMINATED
M22.1,M22.1-D2-L8,8,D2,1.0,instruction-06,replication,PARTIALLY_CONTAMINATED
M22.1,M22.1-D2-L8,8,D2,1.0,syntax-01,discovery,CONTAMINATED
M22.1,M22.1-D2-L8,8,D2,1.0,syntax-02,validation,CONTAMINATED
M22.1,M22.1-D2-L8,8,D2,1.0,syntax-03,replication,PARTIALLY_CONTAMINATED
M22.1,M22.1-D2-L8,8,D2,1.0,syntax-04,discovery,CONTAMINATED
M22.1,M22.1-D2-L8,8,D2,1.0,syntax-05,validation,CONTAMINATED
M22.1,M22.1-D2-L8,8,D2,1.0,syntax-06,replication,PARTIALLY_CONTAMINATED
M23-G,M22.1-D1-L15,15,D1,1.0,g-completion-01,train,CLEAN
M23-G,M22.1-D1-L15,15,D1,1.0,g-completion-02,validation,CLEAN
M23-G,M22.1-D1-L15,15,D1,1.0,g-completion-03,evaluation,CLEAN
M23-G,M22.1-D1-L15,15,D1,1.0,g-completion-04,train,CLEAN
M23-G,M22.1-D1-L15,15,D1,1.0,g-completion-05,validation,CLEAN
M23-G,M22.1-D1-L15,15,D1,1.0,g-completion-06,evaluation,CLEAN
M23-G,M22.1-D1-L15,15,D1,1.0,g-completion-07,train,CLEAN
M23-G,M22.1-D1-L15,15,D1,1.0,g-completion-08,validation,CLEAN
M23-G,M22.1-D1-L15,15,D1,1.0,g-completion-09,evaluation,CLEAN
M23-G,M22.1-D1-L15,15,D1,1.0,g-completion-10,train,CLEAN
M23-G,M22.1-D1-L15,15,D1,1.0,g-completion-11,validation,CLEAN
M23-G,M22.1-D1-L15,15,D1,1.0,g-completion-12,evaluation,CLEAN
M23-G,M22.1-D1-L15,15,D1,1.0,g-syntax-01,train,CLEAN
M23-G,M22.1-D1-L15,15,D1,1.0,g-syntax-02,validation,CLEAN
M23-G,M22.1-D1-L15,15,D1,1.0,g-syntax-03,evaluation,CLEAN
M23-G,M22.1-D1-L15,15,D1,1.0,g-syntax-04,train,CLEAN
M23-G,M22.1-D1-L15,15,D1,1.0,g-syntax-05,validation,CLEAN
M23-G,M22.1-D1-L15,15,D1,1.0,g-syntax-06,evaluation,CLEAN
M23-G,M22.1-D1-L15,15,D1,1.0,g-syntax-07,train,CLEAN
M23-G,M22.1-D1-L15,15,D1,1.0,g-syntax-08,validation,CLEAN
M23-G,M22.1-D1-L15,15,D1,1.0,g-syntax-09,evaluation,CLEAN
M23-G,M22.1-D1-L15,15,D1,1.0,g-syntax-10,train,CLEAN
M23-G,M22.1-D1-L15,15,D1,1.0,g-syntax-11,validation,CLEAN
M23-G,M22.1-D1-L15,15,D1,1.0,g-syntax-12,evaluation,CLEAN
M23-G,M22.1-D1-L15,15,D1,1.0,g-instruction-01,train,CLEAN
M23-G,M22.1-D1-L15,15,D1,1.0,g-instruction-02,validation,CLEAN
M23-G,M22.1-D1-L15,15,D1,1.0,g-instruction-03,evaluation,CLEAN
M23-G,M22.1-D1-L15,15,D1,1.0,g-instruction-04,train,CLEAN
M23-G,M22.1-D1-L15,15,D1,1.0,g-instruction-05,validation,CLEAN
M23-G,M22.1-D1-L15,15,D1,1.0,g-instruction-06,evaluation,CLEAN
M23-G,M22.1-D1-L15,15,D1,1.0,g-instruction-07,train,CLEAN
M23-G,M22.1-D1-L15,15,D1,1.0,g-instruction-08,validation,CLEAN
M23-G,M22.1-D1-L15,15,D1,1.0,g-instruction-09,evaluation,CLEAN
M23-G,M22.1-D1-L15,15,D1,1.0,g-instruction-10,train,CLEAN
M23-G,M22.1-D1-L15,15,D1,1.0,g-instruction-11,validation,CLEAN
M23-G,M22.1-D1-L15,15,D1,1.0,g-instruction-12,evaluation,CLEAN
M22.1,M22.1-D1-L15,15,D1,1.0,completion-01,discovery,CONTAMINATED
M22.1,M22.1-D1-L15,15,D1,1.0,completion-02,validation,CONTAMINATED
M22.1,M22.1-D1-L15,15,D1,1.0,completion-03,replication,PARTIALLY_CONTAMINATED
M22.1,M22.1-D1-L15,15,D1,1.0,completion-04,discovery,CONTAMINATED
M22.1,M22.1-D1-L15,15,D1,1.0,completion-05,validation,CONTAMINATED
M22.1,M22.1-D1-L15,15,D1,1.0,completion-06,replication,PARTIALLY_CONTAMINATED
M22.1,M22.1-D1-L15,15,D1,1.0,instruction-01,discovery,CONTAMINATED
M22.1,M22.1-D1-L15,15,D1,1.0,instruction-02,validation,CONTAMINATED
M22.1,M22.1-D1-L15,15,D1,1.0,instruction-03,replication,PARTIALLY_CONTAMINATED
M22.1,M22.1-D1-L15,15,D1,1.0,instruction-04,discovery,CONTAMINATED
M22.1,M22.1-D1-L15,15,D1,1.0,instruction-05,validation,CONTAMINATED
M22.1,M22.1-D1-L15,15,D1,1.0,instruction-06,replication,PARTIALLY_CONTAMINATED
M22.1,M22.1-D1-L15,15,D1,1.0,syntax-01,discovery,CONTAMINATED
M22.1,M22.1-D1-L15,15,D1,1.0,syntax-02,validation,CONTAMINATED
M22.1,M22.1-D1-L15,15,D1,1.0,syntax-03,replication,PARTIALLY_CONTAMINATED
M22.1,M22.1-D1-L15,15,D1,1.0,syntax-04,discovery,CONTAMINATED
M22.1,M22.1-D1-L15,15,D1,1.0,syntax-05,validation,CONTAMINATED
M22.1,M22.1-D1-L15,15,D1,1.0,syntax-06,replication,PARTIALLY_CONTAMINATED
M23-G,M22.1-D2-L15,15,D2,1.0,g-completion-01,train,CLEAN
M23-G,M22.1-D2-L15,15,D2,1.0,g-completion-02,validation,CLEAN
M23-G,M22.1-D2-L15,15,D2,1.0,g-completion-03,evaluation,CLEAN
M23-G,M22.1-D2-L15,15,D2,1.0,g-completion-04,train,CLEAN
M23-G,M22.1-D2-L15,15,D2,1.0,g-completion-05,validation,CLEAN
M23-G,M22.1-D2-L15,15,D2,1.0,g-completion-06,evaluation,CLEAN
M23-G,M22.1-D2-L15,15,D2,1.0,g-completion-07,train,CLEAN
M23-G,M22.1-D2-L15,15,D2,1.0,g-completion-08,validation,CLEAN
M23-G,M22.1-D2-L15,15,D2,1.0,g-completion-09,evaluation,CLEAN
M23-G,M22.1-D2-L15,15,D2,1.0,g-completion-10,train,CLEAN
M23-G,M22.1-D2-L15,15,D2,1.0,g-completion-11,validation,CLEAN
M23-G,M22.1-D2-L15,15,D2,1.0,g-completion-12,evaluation,CLEAN
M23-G,M22.1-D2-L15,15,D2,1.0,g-syntax-01,train,CLEAN
M23-G,M22.1-D2-L15,15,D2,1.0,g-syntax-02,validation,CLEAN
M23-G,M22.1-D2-L15,15,D2,1.0,g-syntax-03,evaluation,CLEAN
M23-G,M22.1-D2-L15,15,D2,1.0,g-syntax-04,train,CLEAN
M23-G,M22.1-D2-L15,15,D2,1.0,g-syntax-05,validation,CLEAN
M23-G,M22.1-D2-L15,15,D2,1.0,g-syntax-06,evaluation,CLEAN
M23-G,M22.1-D2-L15,15,D2,1.0,g-syntax-07,train,CLEAN
M23-G,M22.1-D2-L15,15,D2,1.0,g-syntax-08,validation,CLEAN
M23-G,M22.1-D2-L15,15,D2,1.0,g-syntax-09,evaluation,CLEAN
M23-G,M22.1-D2-L15,15,D2,1.0,g-syntax-10,train,CLEAN
M23-G,M22.1-D2-L15,15,D2,1.0,g-syntax-11,validation,CLEAN
M23-G,M22.1-D2-L15,15,D2,1.0,g-syntax-12,evaluation,CLEAN
M23-G,M22.1-D2-L15,15,D2,1.0,g-instruction-01,train,CLEAN
M23-G,M22.1-D2-L15,15,D2,1.0,g-instruction-02,validation,CLEAN
M23-G,M22.1-D2-L15,15,D2,1.0,g-instruction-03,evaluation,CLEAN
M23-G,M22.1-D2-L15,15,D2,1.0,g-instruction-04,train,CLEAN
M23-G,M22.1-D2-L15,15,D2,1.0,g-instruction-05,validation,CLEAN
M23-G,M22.1-D2-L15,15,D2,1.0,g-instruction-06,evaluation,CLEAN
M23-G,M22.1-D2-L15,15,D2,1.0,g-instruction-07,train,CLEAN
M23-G,M22.1-D2-L15,15,D2,1.0,g-instruction-08,validation,CLEAN
M23-G,M22.1-D2-L15,15,D2,1.0,g-instruction-09,evaluation,CLEAN
M23-G,M22.1-D2-L15,15,D2,1.0,g-instruction-10,train,CLEAN
M23-G,M22.1-D2-L15,15,D2,1.0,g-instruction-11,validation,CLEAN
M23-G,M22.1-D2-L15,15,D2,1.0,g-instruction-12,evaluation,CLEAN
M22.1,M22.1-D2-L15,15,D2,1.0,completion-01,discovery,CONTAMINATED
M22.1,M22.1-D2-L15,15,D2,1.0,completion-02,validation,CONTAMINATED
M22.1,M22.1-D2-L15,15,D2,1.0,completion-03,replication,PARTIALLY_CONTAMINATED
M22.1,M22.1-D2-L15,15,D2,1.0,completion-04,discovery,CONTAMINATED
M22.1,M22.1-D2-L15,15,D2,1.0,completion-05,validation,CONTAMINATED
M22.1,M22.1-D2-L15,15,D2,1.0,completion-06,replication,PARTIALLY_CONTAMINATED
M22.1,M22.1-D2-L15,15,D2,1.0,instruction-01,discovery,CONTAMINATED
M22.1,M22.1-D2-L15,15,D2,1.0,instruction-02,validation,CONTAMINATED
M22.1,M22.1-D2-L15,15,D2,1.0,instruction-03,replication,PARTIALLY_CONTAMINATED
M22.1,M22.1-D2-L15,15,D2,1.0,instruction-04,discovery,CONTAMINATED
M22.1,M22.1-D2-L15,15,D2,1.0,instruction-05,validation,CONTAMINATED
M22.1,M22.1-D2-L15,15,D2,1.0,instruction-06,replication,PARTIALLY_CONTAMINATED
M22.1,M22.1-D2-L15,15,D2,1.0,syntax-01,discovery,CONTAMINATED
M22.1,M22.1-D2-L15,15,D2,1.0,syntax-02,validation,CONTAMINATED
M22.1,M22.1-D2-L15,15,D2,1.0,syntax-03,replication,PARTIALLY_CONTAMINATED
M22.1,M22.1-D2-L15,15,D2,1.0,syntax-04,discovery,CONTAMINATED
M22.1,M22.1-D2-L15,15,D2,1.0,syntax-05,validation,CONTAMINATED
M22.1,M22.1-D2-L15,15,D2,1.0,syntax-06,replication,PARTIALLY_CONTAMINATED
