episode_id,prompt_id,seed,alpha,repeat_index,partition,pre_dot,baseline_output,baseline_margin,intervened_output,observed_effect
completion-01-a1-r0,completion-01,22101,1.0,0,train,-2.3416569232940674,-5.721855163574219,-5.721855163574219,-5.691022872924805,0.030832290649414062
completion-01-a2-r0,completion-01,22101,2.0,0,train,-2.3416569232940674,-5.721855163574219,-5.721855163574219,-5.659100532531738,0.06275463104248047
completion-02-a1-r0,completion-02,22101,1.0,0,evaluation,0.12789666652679443,-4.117710113525391,-4.117710113525391,-4.086420059204102,0.03129005432128906
completion-02-a2-r0,completion-02,22101,2.0,0,evaluation,0.12789666652679443,-4.117710113525391,-4.117710113525391,-4.054462432861328,0.0632476806640625
completion-03-a1-r0,completion-03,22101,1.0,0,train,-1.1674320697784424,-4.140007972717285,-4.140007972717285,-4.111610412597656,0.028397560119628906
completion-03-a2-r0,completion-03,22101,2.0,0,train,-1.1674320697784424,-4.140007972717285,-4.140007972717285,-4.082604885101318,0.0574030876159668
completion-04-a1-r0,completion-04,22101,1.0,0,evaluation,-0.37421470880508423,-2.13018798828125,-2.13018798828125,-2.1043615341186523,0.025826454162597656
completion-04-a2-r0,completion-04,22101,2.0,0,evaluation,-0.37421470880508423,-2.13018798828125,-2.13018798828125,-2.078280448913574,0.05190753936767578
completion-05-a1-r0,completion-05,22101,1.0,0,train,-3.175248146057129,-3.191883087158203,-3.191883087158203,-3.1652493476867676,0.026633739471435547
completion-05-a2-r0,completion-05,22101,2.0,0,train,-3.175248146057129,-3.191883087158203,-3.191883087158203,-3.138176918029785,0.05370616912841797
completion-06-a1-r0,completion-06,22101,1.0,0,evaluation,-0.8319613337516785,-3.741713047027588,-3.741713047027588,-3.7124571800231934,0.02925586700439453
completion-06-a2-r0,completion-06,22101,2.0,0,evaluation,-0.8319613337516785,-3.741713047027588,-3.741713047027588,-3.682640552520752,0.05907249450683594
instruction-01-a1-r0,instruction-01,22101,1.0,0,train,-0.9869740009307861,-1.1396236419677734,-1.1396236419677734,-1.1130752563476562,0.026548385620117188
instruction-01-a2-r0,instruction-01,22101,2.0,0,train,-0.9869740009307861,-1.1396236419677734,-1.1396236419677734,-1.0863819122314453,0.053241729736328125
instruction-02-a1-r0,instruction-02,22101,1.0,0,evaluation,-3.4794533252716064,0.4678773880004883,0.4678773880004883,0.4928007125854492,0.024923324584960938
instruction-02-a2-r0,instruction-02,22101,2.0,0,evaluation,-3.4794533252716064,0.4678773880004883,0.4678773880004883,0.517695426940918,0.04981803894042969
instruction-03-a1-r0,instruction-03,22101,1.0,0,train,-2.9644088745117188,0.4789237976074219,0.4789237976074219,0.5118265151977539,0.03290271759033203
instruction-03-a2-r0,instruction-03,22101,2.0,0,train,-2.9644088745117188,0.4789237976074219,0.4789237976074219,0.5446462631225586,0.06572246551513672
instruction-04-a1-r0,instruction-04,22101,1.0,0,evaluation,-3.281754970550537,1.6648273468017578,1.6648273468017578,1.6985187530517578,0.03369140625
instruction-04-a2-r0,instruction-04,22101,2.0,0,evaluation,-3.281754970550537,1.6648273468017578,1.6648273468017578,1.731907844543457,0.06708049774169922
instruction-05-a1-r0,instruction-05,22101,1.0,0,train,-1.0861270427703857,-0.042476654052734375,-0.042476654052734375,-0.009675979614257812,0.03280067443847656
instruction-05-a2-r0,instruction-05,22101,2.0,0,train,-1.0861270427703857,-0.042476654052734375,-0.042476654052734375,0.023138046264648438,0.06561470031738281
instruction-06-a1-r0,instruction-06,22101,1.0,0,evaluation,-3.663973569869995,0.052430152893066406,0.052430152893066406,0.08472633361816406,0.032296180725097656
instruction-06-a2-r0,instruction-06,22101,2.0,0,evaluation,-3.663973569869995,0.052430152893066406,0.052430152893066406,0.11703300476074219,0.06460285186767578
syntax-01-a1-r0,syntax-01,22101,1.0,0,train,-0.20727872848510742,-8.649645805358887,-8.649645805358887,-8.618077278137207,0.03156852722167969
syntax-01-a2-r0,syntax-01,22101,2.0,0,train,-0.20727872848510742,-8.649645805358887,-8.649645805358887,-8.585054397583008,0.0645914077758789
syntax-02-a1-r0,syntax-02,22101,1.0,0,evaluation,-2.5343363285064697,-3.5460166931152344,-3.5460166931152344,-3.518796920776367,0.027219772338867188
syntax-02-a2-r0,syntax-02,22101,2.0,0,evaluation,-2.5343363285064697,-3.5460166931152344,-3.5460166931152344,-3.4910717010498047,0.05494499206542969
syntax-03-a1-r0,syntax-03,22101,1.0,0,train,-4.786593437194824,-6.686509609222412,-6.686509609222412,-6.6620402336120605,0.024469375610351562
syntax-03-a2-r0,syntax-03,22101,2.0,0,train,-4.786593437194824,-6.686509609222412,-6.686509609222412,-6.636565208435059,0.049944400787353516
syntax-04-a1-r0,syntax-04,22101,1.0,0,evaluation,-5.563745975494385,-4.178995132446289,-4.178995132446289,-4.154062271118164,0.024932861328125
syntax-04-a2-r0,syntax-04,22101,2.0,0,evaluation,-5.563745975494385,-4.178995132446289,-4.178995132446289,-4.128538608551025,0.05045652389526367
syntax-05-a1-r0,syntax-05,22101,1.0,0,train,-3.3276872634887695,-5.55214262008667,-5.55214262008667,-5.525871753692627,0.02627086639404297
syntax-05-a2-r0,syntax-05,22101,2.0,0,train,-3.3276872634887695,-5.55214262008667,-5.55214262008667,-5.498787879943848,0.053354740142822266
syntax-06-a1-r0,syntax-06,22101,1.0,0,evaluation,1.9588795900344849,-6.989002227783203,-6.989002227783203,-6.963428497314453,0.02557373046875
syntax-06-a2-r0,syntax-06,22101,2.0,0,evaluation,1.9588795900344849,-6.989002227783203,-6.989002227783203,-6.937182426452637,0.051819801330566406
completion-01-a1-r1,completion-01,22101,1.0,1,train,-2.3416569232940674,-5.721855163574219,-5.721855163574219,-5.691022872924805,0.030832290649414062
completion-01-a2-r1,completion-01,22101,2.0,1,train,-2.3416569232940674,-5.721855163574219,-5.721855163574219,-5.659100532531738,0.06275463104248047
completion-02-a1-r1,completion-02,22101,1.0,1,evaluation,0.12789666652679443,-4.117710113525391,-4.117710113525391,-4.086420059204102,0.03129005432128906
completion-02-a2-r1,completion-02,22101,2.0,1,evaluation,0.12789666652679443,-4.117710113525391,-4.117710113525391,-4.054462432861328,0.0632476806640625
completion-03-a1-r1,completion-03,22101,1.0,1,train,-1.1674320697784424,-4.140007972717285,-4.140007972717285,-4.111610412597656,0.028397560119628906
completion-03-a2-r1,completion-03,22101,2.0,1,train,-1.1674320697784424,-4.140007972717285,-4.140007972717285,-4.082604885101318,0.0574030876159668
completion-04-a1-r1,completion-04,22101,1.0,1,evaluation,-0.37421470880508423,-2.13018798828125,-2.13018798828125,-2.1043615341186523,0.025826454162597656
completion-04-a2-r1,completion-04,22101,2.0,1,evaluation,-0.37421470880508423,-2.13018798828125,-2.13018798828125,-2.078280448913574,0.05190753936767578
completion-05-a1-r1,completion-05,22101,1.0,1,train,-3.175248146057129,-3.191883087158203,-3.191883087158203,-3.1652493476867676,0.026633739471435547
completion-05-a2-r1,completion-05,22101,2.0,1,train,-3.175248146057129,-3.191883087158203,-3.191883087158203,-3.138176918029785,0.05370616912841797
completion-06-a1-r1,completion-06,22101,1.0,1,evaluation,-0.8319613337516785,-3.741713047027588,-3.741713047027588,-3.7124571800231934,0.02925586700439453
completion-06-a2-r1,completion-06,22101,2.0,1,evaluation,-0.8319613337516785,-3.741713047027588,-3.741713047027588,-3.682640552520752,0.05907249450683594
instruction-01-a1-r1,instruction-01,22101,1.0,1,train,-0.9869740009307861,-1.1396236419677734,-1.1396236419677734,-1.1130752563476562,0.026548385620117188
instruction-01-a2-r1,instruction-01,22101,2.0,1,train,-0.9869740009307861,-1.1396236419677734,-1.1396236419677734,-1.0863819122314453,0.053241729736328125
instruction-02-a1-r1,instruction-02,22101,1.0,1,evaluation,-3.4794533252716064,0.4678773880004883,0.4678773880004883,0.4928007125854492,0.024923324584960938
instruction-02-a2-r1,instruction-02,22101,2.0,1,evaluation,-3.4794533252716064,0.4678773880004883,0.4678773880004883,0.517695426940918,0.04981803894042969
instruction-03-a1-r1,instruction-03,22101,1.0,1,train,-2.9644088745117188,0.4789237976074219,0.4789237976074219,0.5118265151977539,0.03290271759033203
instruction-03-a2-r1,instruction-03,22101,2.0,1,train,-2.9644088745117188,0.4789237976074219,0.4789237976074219,0.5446462631225586,0.06572246551513672
instruction-04-a1-r1,instruction-04,22101,1.0,1,evaluation,-3.281754970550537,1.6648273468017578,1.6648273468017578,1.6985187530517578,0.03369140625
instruction-04-a2-r1,instruction-04,22101,2.0,1,evaluation,-3.281754970550537,1.6648273468017578,1.6648273468017578,1.731907844543457,0.06708049774169922
instruction-05-a1-r1,instruction-05,22101,1.0,1,train,-1.0861270427703857,-0.042476654052734375,-0.042476654052734375,-0.009675979614257812,0.03280067443847656
instruction-05-a2-r1,instruction-05,22101,2.0,1,train,-1.0861270427703857,-0.042476654052734375,-0.042476654052734375,0.023138046264648438,0.06561470031738281
instruction-06-a1-r1,instruction-06,22101,1.0,1,evaluation,-3.663973569869995,0.052430152893066406,0.052430152893066406,0.08472633361816406,0.032296180725097656
instruction-06-a2-r1,instruction-06,22101,2.0,1,evaluation,-3.663973569869995,0.052430152893066406,0.052430152893066406,0.11703300476074219,0.06460285186767578
syntax-01-a1-r1,syntax-01,22101,1.0,1,train,-0.20727872848510742,-8.649645805358887,-8.649645805358887,-8.618077278137207,0.03156852722167969
syntax-01-a2-r1,syntax-01,22101,2.0,1,train,-0.20727872848510742,-8.649645805358887,-8.649645805358887,-8.585054397583008,0.0645914077758789
syntax-02-a1-r1,syntax-02,22101,1.0,1,evaluation,-2.5343363285064697,-3.5460166931152344,-3.5460166931152344,-3.518796920776367,0.027219772338867188
syntax-02-a2-r1,syntax-02,22101,2.0,1,evaluation,-2.5343363285064697,-3.5460166931152344,-3.5460166931152344,-3.4910717010498047,0.05494499206542969
syntax-03-a1-r1,syntax-03,22101,1.0,1,train,-4.786593437194824,-6.686509609222412,-6.686509609222412,-6.6620402336120605,0.024469375610351562
syntax-03-a2-r1,syntax-03,22101,2.0,1,train,-4.786593437194824,-6.686509609222412,-6.686509609222412,-6.636565208435059,0.049944400787353516
syntax-04-a1-r1,syntax-04,22101,1.0,1,evaluation,-5.563745975494385,-4.178995132446289,-4.178995132446289,-4.154062271118164,0.024932861328125
syntax-04-a2-r1,syntax-04,22101,2.0,1,evaluation,-5.563745975494385,-4.178995132446289,-4.178995132446289,-4.128538608551025,0.05045652389526367
syntax-05-a1-r1,syntax-05,22101,1.0,1,train,-3.3276872634887695,-5.55214262008667,-5.55214262008667,-5.525871753692627,0.02627086639404297
syntax-05-a2-r1,syntax-05,22101,2.0,1,train,-3.3276872634887695,-5.55214262008667,-5.55214262008667,-5.498787879943848,0.053354740142822266
syntax-06-a1-r1,syntax-06,22101,1.0,1,evaluation,1.9588795900344849,-6.989002227783203,-6.989002227783203,-6.963428497314453,0.02557373046875
syntax-06-a2-r1,syntax-06,22101,2.0,1,evaluation,1.9588795900344849,-6.989002227783203,-6.989002227783203,-6.937182426452637,0.051819801330566406
