alpha,baseline_margin,critical,evidence_version,mechanism_id,model_version,no_update_prediction,observed_delta,observed_direction,outcome_only_prediction,outcome_present,pre_dot,predicted_direction,predicted_effect,prediction_error,prompt_id,regime_id,role,sequence_index,shuffled_prediction,split,uncertainty,update_reason,version_after,version_before
1.0,-4.117710113525391,False,1,M22.1-D1-L23,1,,0.03129005432128906,1,,False,0.12789666652679443,1,0.028899987538655598,0.0023900667826334647,completion-02,completion,validation,0,,validation,0.003592417625678755,PRECISION_WEIGHTED_MEAN,2,1
1.0,-3.191883087158203,False,1,M22.1-D1-L23,1,,0.026633739471435547,1,,False,-3.175248146057129,1,0.028899987538655598,-0.002266248067220051,completion-05,completion,validation,1,,validation,0.003592417625678755,PRECISION_WEIGHTED_MEAN,3,2
1.0,0.4678773880004883,False,1,M22.1-D1-L23,1,,0.024923324584960938,1,,False,-3.4794533252716064,1,0.028899987538655598,-0.00397666295369466,instruction-02,instruction,validation,2,,validation,0.003592417625678755,PRECISION_WEIGHTED_MEAN,4,3
1.0,-0.042476654052734375,False,1,M22.1-D1-L23,1,,0.03280067443847656,1,,False,-1.0861270427703857,1,0.028899987538655598,0.0039006868998209647,instruction-05,instruction,validation,3,,validation,0.003592417625678755,PRECISION_WEIGHTED_MEAN,5,4
1.0,-3.5460166931152344,False,1,M22.1-D1-L23,1,,0.027219772338867188,1,,False,-2.5343363285064697,1,0.028899987538655598,-0.0016802151997884103,syntax-02,syntax,validation,4,,validation,0.003592417625678755,PRECISION_WEIGHTED_MEAN,6,5
1.0,-5.55214262008667,False,1,M22.1-D1-L23,1,,0.02627086639404297,1,,False,-3.3276872634887695,1,0.028899987538655598,-0.002629121144612629,syntax-05,syntax,validation,5,,validation,0.003592417625678755,PRECISION_WEIGHTED_MEAN,7,6
1.0,-4.140007972717285,,7,M22.1-D1-L23,7,0.028899987538655598,0.028397560119628906,1,0.06776909033457439,False,-1.1674320697784424,1,0.02854486306508382,-0.0001473029454549142,completion-03,completion,replication,0,0.06616886456807454,replication,0.003228099193892162,,,
1.0,-3.741713047027588,,7,M22.1-D1-L23,7,0.028899987538655598,0.02925586700439453,1,0.06776909033457439,False,-0.8319613337516785,1,0.02854486306508382,0.0007110039393107108,completion-06,completion,replication,1,0.06616886456807454,replication,0.003228099193892162,,,
1.0,0.4789237976074219,,7,M22.1-D1-L23,7,0.028899987538655598,0.03290271759033203,1,0.06776909033457439,False,-2.9644088745117188,1,0.02854486306508382,0.004357854525248211,instruction-03,instruction,replication,2,0.06616886456807454,replication,0.003228099193892162,,,
1.0,0.052430152893066406,,7,M22.1-D1-L23,7,0.028899987538655598,0.032296180725097656,1,0.06776909033457439,False,-3.663973569869995,1,0.02854486306508382,0.003751317660013836,instruction-06,instruction,replication,3,0.06616886456807454,replication,0.003228099193892162,,,
1.0,-6.686509609222412,,7,M22.1-D1-L23,7,0.028899987538655598,0.024469375610351562,1,0.06776909033457439,False,-4.786593437194824,1,0.02854486306508382,-0.004075487454732258,syntax-03,syntax,replication,4,0.06616886456807454,replication,0.003228099193892162,,,
1.0,-6.989002227783203,,7,M22.1-D1-L23,7,0.028899987538655598,0.02557373046875,1,0.06776909033457439,False,1.9588795900344849,1,0.02854486306508382,-0.0029711325963338205,syntax-06,syntax,replication,5,0.06616886456807454,replication,0.003228099193892162,,,
2.0,-4.140007972717285,,7,M22.1-D1-L23,7,0.057799975077311196,0.0574030876159668,1,0.13553818066914877,False,-1.1674320697784424,1,0.05708972613016764,0.00031336148579915596,completion-03,completion,replication,6,0.13233772913614908,replication,0.006456198387784324,,,
2.0,-3.741713047027588,,7,M22.1-D1-L23,7,0.057799975077311196,0.05907249450683594,1,0.13553818066914877,False,-0.8319613337516785,1,0.05708972613016764,0.0019827683766682966,completion-06,completion,replication,7,0.13233772913614908,replication,0.006456198387784324,,,
2.0,0.4789237976074219,,7,M22.1-D1-L23,7,0.057799975077311196,0.06572246551513672,1,0.13553818066914877,False,-2.9644088745117188,1,0.05708972613016764,0.008632739384969078,instruction-03,instruction,replication,8,0.13233772913614908,replication,0.006456198387784324,,,
2.0,0.052430152893066406,,7,M22.1-D1-L23,7,0.057799975077311196,0.06460285186767578,1,0.13553818066914877,False,-3.663973569869995,1,0.05708972613016764,0.00751312573750814,instruction-06,instruction,replication,9,0.13233772913614908,replication,0.006456198387784324,,,
2.0,-6.686509609222412,,7,M22.1-D1-L23,7,0.057799975077311196,0.049944400787353516,1,0.13553818066914877,False,-4.786593437194824,1,0.05708972613016764,-0.007145325342814125,syntax-03,syntax,replication,10,0.13233772913614908,replication,0.006456198387784324,,,
2.0,-6.989002227783203,,7,M22.1-D1-L23,7,0.057799975077311196,0.051819801330566406,1,0.13553818066914877,False,1.9588795900344849,1,0.05708972613016764,-0.005269924799601235,syntax-06,syntax,replication,11,0.13233772913614908,replication,0.006456198387784324,,,
