episode_id,intervention_id,prompt_id,seed,seed_used,direction_id,layer,alpha,repeat_index,pre_dot,baseline_output,intervened_output,observed_effect
D1-L0-completion-01-a1-r0,M22.1-D1-L0,completion-01,22101,22101,D1,0,1.0,0,-0.04123169928789139,-5.721855163574219,-5.852285385131836,-0.1304302215576172
D1-L0-completion-01-a2-r0,M22.1-D1-L0,completion-01,22101,22101,D1,0,2.0,0,-0.04123169928789139,-5.721855163574219,-5.94061279296875,-0.21875762939453125
D1-L8-completion-01-a1-r0,M22.1-D1-L8,completion-01,22101,22101,D1,8,1.0,0,-0.2163277566432953,-5.721855163574219,-5.65535831451416,0.0664968490600586
D1-L8-completion-01-a2-r0,M22.1-D1-L8,completion-01,22101,22101,D1,8,2.0,0,-0.2163277566432953,-5.721855163574219,-5.588527202606201,0.13332796096801758
D1-L15-completion-01-a1-r0,M22.1-D1-L15,completion-01,22101,22101,D1,15,1.0,0,0.46378982067108154,-5.721855163574219,-5.773293495178223,-0.051438331604003906
D1-L15-completion-01-a2-r0,M22.1-D1-L15,completion-01,22101,22101,D1,15,2.0,0,0.46378982067108154,-5.721855163574219,-5.806988716125488,-0.08513355255126953
D1-L23-completion-01-a1-r0,M22.1-D1-L23,completion-01,22101,22101,D1,23,1.0,0,-2.3416569232940674,-5.721855163574219,-5.691022872924805,0.030832290649414062
D1-L23-completion-01-a2-r0,M22.1-D1-L23,completion-01,22101,22101,D1,23,2.0,0,-2.3416569232940674,-5.721855163574219,-5.659100532531738,0.06275463104248047
D2-L0-completion-01-a1-r0,M22.1-D2-L0,completion-01,22103,22103,D2,0,1.0,0,-0.3834506869316101,-5.721855163574219,-5.661508560180664,0.06034660339355469
D2-L0-completion-01-a2-r0,M22.1-D2-L0,completion-01,22103,22103,D2,0,2.0,0,-0.3834506869316101,-5.721855163574219,-5.570396423339844,0.151458740234375
D2-L8-completion-01-a1-r0,M22.1-D2-L8,completion-01,22103,22103,D2,8,1.0,0,-1.1426784992218018,-5.721855163574219,-5.668025970458984,0.053829193115234375
D2-L8-completion-01-a2-r0,M22.1-D2-L8,completion-01,22103,22103,D2,8,2.0,0,-1.1426784992218018,-5.721855163574219,-5.608968734741211,0.11288642883300781
D2-L15-completion-01-a1-r0,M22.1-D2-L15,completion-01,22103,22103,D2,15,1.0,0,-2.2037384510040283,-5.721855163574219,-5.710933685302734,0.010921478271484375
D2-L15-completion-01-a2-r0,M22.1-D2-L15,completion-01,22103,22103,D2,15,2.0,0,-2.2037384510040283,-5.721855163574219,-5.688169002532959,0.033686161041259766
D2-L23-completion-01-a1-r0,M22.1-D2-L23,completion-01,22103,22103,D2,23,1.0,0,1.0367562770843506,-5.721855163574219,-5.602894306182861,0.11896085739135742
D2-L23-completion-01-a2-r0,M22.1-D2-L23,completion-01,22103,22103,D2,23,2.0,0,1.0367562770843506,-5.721855163574219,-5.482959747314453,0.23889541625976562
D3-L23-completion-01-a1-r0,M22.1-D3-L23,completion-01,22111,22111,D3,23,1.0,0,0.6763198375701904,-5.721855163574219,-5.6793365478515625,0.04251861572265625
D3-L23-completion-01-a2-r0,M22.1-D3-L23,completion-01,22111,22111,D3,23,2.0,0,0.6763198375701904,-5.721855163574219,-5.635774612426758,0.08608055114746094
D4-L23-completion-01-a1-r0,M22.1-D4-L23,completion-01,22112,22112,D4,23,1.0,0,-0.9900994300842285,-5.721855163574219,-5.753011703491211,-0.031156539916992188
D4-L23-completion-01-a2-r0,M22.1-D4-L23,completion-01,22112,22112,D4,23,2.0,0,-0.9900994300842285,-5.721855163574219,-5.783090114593506,-0.06123495101928711
D5-L23-completion-01-a1-r0,M22.1-D5-L23,completion-01,22113,22113,D5,23,1.0,0,1.5265858173370361,-5.721855163574219,-5.70910120010376,0.012753963470458984
D5-L23-completion-01-a2-r0,M22.1-D5-L23,completion-01,22113,22113,D5,23,2.0,0,1.5265858173370361,-5.721855163574219,-5.695273399353027,0.026581764221191406
D6-L23-completion-01-a1-r0,M22.1-D6-L23,completion-01,22114,22114,D6,23,1.0,0,-2.759627342224121,-5.721855163574219,-5.68354606628418,0.03830909729003906
D6-L23-completion-01-a2-r0,M22.1-D6-L23,completion-01,22114,22114,D6,23,2.0,0,-2.759627342224121,-5.721855163574219,-5.644121170043945,0.07773399353027344
D7-L23-completion-01-a1-r0,M22.1-D7-L23,completion-01,22115,22115,D7,23,1.0,0,2.18393611907959,-5.721855163574219,-5.70161771774292,0.020237445831298828
D7-L23-completion-01-a2-r0,M22.1-D7-L23,completion-01,22115,22115,D7,23,2.0,0,2.18393611907959,-5.721855163574219,-5.680332183837891,0.041522979736328125
D8-L23-completion-01-a1-r0,M22.1-D8-L23,completion-01,22116,22116,D8,23,1.0,0,0.42262741923332214,-5.721855163574219,-5.737213611602783,-0.015358448028564453
D8-L23-completion-01-a2-r0,M22.1-D8-L23,completion-01,22116,22116,D8,23,2.0,0,0.42262741923332214,-5.721855163574219,-5.751478672027588,-0.02962350845336914
D1-L0-completion-04-a1-r0,M22.1-D1-L0,completion-04,22101,22101,D1,0,1.0,0,0.040462419390678406,-2.13018798828125,-2.308802604675293,-0.17861461639404297
D1-L0-completion-04-a2-r0,M22.1-D1-L0,completion-04,22101,22101,D1,0,2.0,0,0.040462419390678406,-2.13018798828125,-2.505284309387207,-0.37509632110595703
D1-L8-completion-04-a1-r0,M22.1-D1-L8,completion-04,22101,22101,D1,8,1.0,0,0.2132873237133026,-2.13018798828125,-2.1758766174316406,-0.045688629150390625
D1-L8-completion-04-a2-r0,M22.1-D1-L8,completion-04,22101,22101,D1,8,2.0,0,0.2132873237133026,-2.13018798828125,-2.255849838256836,-0.12566184997558594
D1-L15-completion-04-a1-r0,M22.1-D1-L15,completion-04,22101,22101,D1,15,1.0,0,0.6732167601585388,-2.13018798828125,-2.1046972274780273,0.025490760803222656
D1-L15-completion-04-a2-r0,M22.1-D1-L15,completion-04,22101,22101,D1,15,2.0,0,0.6732167601585388,-2.13018798828125,-2.069753646850586,0.06043434143066406
D1-L23-completion-04-a1-r0,M22.1-D1-L23,completion-04,22101,22101,D1,23,1.0,0,-0.37421470880508423,-2.13018798828125,-2.1043615341186523,0.025826454162597656
D1-L23-completion-04-a2-r0,M22.1-D1-L23,completion-04,22101,22101,D1,23,2.0,0,-0.37421470880508423,-2.13018798828125,-2.078280448913574,0.05190753936767578
D2-L0-completion-04-a1-r0,M22.1-D2-L0,completion-04,22103,22103,D2,0,1.0,0,-0.1564849317073822,-2.13018798828125,-2.0238027572631836,0.1063852310180664
D2-L0-completion-04-a2-r0,M22.1-D2-L0,completion-04,22103,22103,D2,0,2.0,0,-0.1564849317073822,-2.13018798828125,-2.020199775695801,0.10998821258544922
D2-L8-completion-04-a1-r0,M22.1-D2-L8,completion-04,22103,22103,D2,8,1.0,0,-0.43733471632003784,-2.13018798828125,-2.0938501358032227,0.036337852478027344
D2-L8-completion-04-a2-r0,M22.1-D2-L8,completion-04,22103,22103,D2,8,2.0,0,-0.43733471632003784,-2.13018798828125,-2.085923194885254,0.044264793395996094
D2-L15-completion-04-a1-r0,M22.1-D2-L15,completion-04,22103,22103,D2,15,1.0,0,-0.025064915418624878,-2.13018798828125,-2.0818443298339844,0.048343658447265625
D2-L15-completion-04-a2-r0,M22.1-D2-L15,completion-04,22103,22103,D2,15,2.0,0,-0.025064915418624878,-2.13018798828125,-2.032003402709961,0.09818458557128906
D2-L23-completion-04-a1-r0,M22.1-D2-L23,completion-04,22103,22103,D2,23,1.0,0,-5.180248260498047,-2.13018798828125,-2.0390806198120117,0.09110736846923828
D2-L23-completion-04-a2-r0,M22.1-D2-L23,completion-04,22103,22103,D2,23,2.0,0,-5.180248260498047,-2.13018798828125,-1.9476470947265625,0.1825408935546875
D3-L23-completion-04-a1-r0,M22.1-D3-L23,completion-04,22111,22111,D3,23,1.0,0,3.031425714492798,-2.13018798828125,-2.096891403198242,0.03329658508300781
D3-L23-completion-04-a2-r0,M22.1-D3-L23,completion-04,22111,22111,D3,23,2.0,0,3.031425714492798,-2.13018798828125,-2.063389778137207,0.06679821014404297
D4-L23-completion-04-a1-r0,M22.1-D4-L23,completion-04,22112,22112,D4,23,1.0,0,1.4277622699737549,-2.13018798828125,-2.15377140045166,-0.023583412170410156
D4-L23-completion-04-a2-r0,M22.1-D4-L23,completion-04,22112,22112,D4,23,2.0,0,1.4277622699737549,-2.13018798828125,-2.1770925521850586,-0.046904563903808594
D5-L23-completion-04-a1-r0,M22.1-D5-L23,completion-04,22113,22113,D5,23,1.0,0,-3.085803508758545,-2.13018798828125,-2.1225337982177734,0.0076541900634765625
D5-L23-completion-04-a2-r0,M22.1-D5-L23,completion-04,22113,22113,D5,23,2.0,0,-3.085803508758545,-2.13018798828125,-2.1146316528320312,0.01555633544921875
D6-L23-completion-04-a1-r0,M22.1-D6-L23,completion-04,22114,22114,D6,23,1.0,0,-0.06478631496429443,-2.13018798828125,-2.0980472564697266,0.03214073181152344
D6-L23-completion-04-a2-r0,M22.1-D6-L23,completion-04,22114,22114,D6,23,2.0,0,-0.06478631496429443,-2.13018798828125,-2.0656566619873047,0.06453132629394531
D7-L23-completion-04-a1-r0,M22.1-D7-L23,completion-04,22115,22115,D7,23,1.0,0,-0.3554692268371582,-2.13018798828125,-2.1165313720703125,0.0136566162109375
D7-L23-completion-04-a2-r0,M22.1-D7-L23,completion-04,22115,22115,D7,23,2.0,0,-0.3554692268371582,-2.13018798828125,-2.1026268005371094,0.027561187744140625
D8-L23-completion-04-a1-r0,M22.1-D8-L23,completion-04,22116,22116,D8,23,1.0,0,-0.11260741949081421,-2.13018798828125,-2.142953872680664,-0.012765884399414062
D8-L23-completion-04-a2-r0,M22.1-D8-L23,completion-04,22116,22116,D8,23,2.0,0,-0.11260741949081421,-2.13018798828125,-2.1554651260375977,-0.025277137756347656
D1-L0-instruction-01-a1-r0,M22.1-D1-L0,instruction-01,22101,22101,D1,0,1.0,0,0.008781775832176208,-1.1396236419677734,-1.1444816589355469,-0.0048580169677734375
D1-L0-instruction-01-a2-r0,M22.1-D1-L0,instruction-01,22101,22101,D1,0,2.0,0,0.008781775832176208,-1.1396236419677734,-1.1717157363891602,-0.03209209442138672
D1-L8-instruction-01-a1-r0,M22.1-D1-L8,instruction-01,22101,22101,D1,8,1.0,0,0.06990891695022583,-1.1396236419677734,-1.1066312789916992,0.03299236297607422
D1-L8-instruction-01-a2-r0,M22.1-D1-L8,instruction-01,22101,22101,D1,8,2.0,0,0.06990891695022583,-1.1396236419677734,-1.0675058364868164,0.07211780548095703
D1-L15-instruction-01-a1-r0,M22.1-D1-L15,instruction-01,22101,22101,D1,15,1.0,0,0.4044450521469116,-1.1396236419677734,-1.0938100814819336,0.045813560485839844
D1-L15-instruction-01-a2-r0,M22.1-D1-L15,instruction-01,22101,22101,D1,15,2.0,0,0.4044450521469116,-1.1396236419677734,-1.0522327423095703,0.08739089965820312
D1-L23-instruction-01-a1-r0,M22.1-D1-L23,instruction-01,22101,22101,D1,23,1.0,0,-0.9869740009307861,-1.1396236419677734,-1.1130752563476562,0.026548385620117188
D1-L23-instruction-01-a2-r0,M22.1-D1-L23,instruction-01,22101,22101,D1,23,2.0,0,-0.9869740009307861,-1.1396236419677734,-1.0863819122314453,0.053241729736328125
D2-L0-instruction-01-a1-r0,M22.1-D2-L0,instruction-01,22103,22103,D2,0,1.0,0,-0.3750585913658142,-1.1396236419677734,-1.1436796188354492,-0.004055976867675781
D2-L0-instruction-01-a2-r0,M22.1-D2-L0,instruction-01,22103,22103,D2,0,2.0,0,-0.3750585913658142,-1.1396236419677734,-1.1126708984375,0.026952743530273438
D2-L8-instruction-01-a1-r0,M22.1-D2-L8,instruction-01,22103,22103,D2,8,1.0,0,-1.084326982498169,-1.1396236419677734,-1.1136398315429688,0.025983810424804688
D2-L8-instruction-01-a2-r0,M22.1-D2-L8,instruction-01,22103,22103,D2,8,2.0,0,-1.084326982498169,-1.1396236419677734,-1.0691452026367188,0.07047843933105469
D2-L15-instruction-01-a1-r0,M22.1-D2-L15,instruction-01,22103,22103,D2,15,1.0,0,-1.6305633783340454,-1.1396236419677734,-1.0283699035644531,0.11125373840332031
D2-L15-instruction-01-a2-r0,M22.1-D2-L15,instruction-01,22103,22103,D2,15,2.0,0,-1.6305633783340454,-1.1396236419677734,-0.9142999649047852,0.22532367706298828
D2-L23-instruction-01-a1-r0,M22.1-D2-L23,instruction-01,22103,22103,D2,23,1.0,0,-1.6270347833633423,-1.1396236419677734,-1.0446233749389648,0.0950002670288086
D2-L23-instruction-01-a2-r0,M22.1-D2-L23,instruction-01,22103,22103,D2,23,2.0,0,-1.6270347833633423,-1.1396236419677734,-0.9494838714599609,0.1901397705078125
D3-L23-instruction-01-a1-r0,M22.1-D3-L23,instruction-01,22111,22111,D3,23,1.0,0,-0.8554530143737793,-1.1396236419677734,-1.1062231063842773,0.033400535583496094
D3-L23-instruction-01-a2-r0,M22.1-D3-L23,instruction-01,22111,22111,D3,23,2.0,0,-0.8554530143737793,-1.1396236419677734,-1.072683334350586,0.0669403076171875
D4-L23-instruction-01-a1-r0,M22.1-D4-L23,instruction-01,22112,22112,D4,23,1.0,0,3.7941904067993164,-1.1396236419677734,-1.1638317108154297,-0.02420806884765625
D4-L23-instruction-01-a2-r0,M22.1-D4-L23,instruction-01,22112,22112,D4,23,2.0,0,3.7941904067993164,-1.1396236419677734,-1.1878776550292969,-0.04825401306152344
D5-L23-instruction-01-a1-r0,M22.1-D5-L23,instruction-01,22113,22113,D5,23,1.0,0,-4.146543979644775,-1.1396236419677734,-1.1315803527832031,0.008043289184570312
D5-L23-instruction-01-a2-r0,M22.1-D5-L23,instruction-01,22113,22113,D5,23,2.0,0,-4.146543979644775,-1.1396236419677734,-1.123382568359375,0.016241073608398438
D6-L23-instruction-01-a1-r0,M22.1-D6-L23,instruction-01,22114,22114,D6,23,1.0,0,-1.5748012065887451,-1.1396236419677734,-1.1067218780517578,0.032901763916015625
D6-L23-instruction-01-a2-r0,M22.1-D6-L23,instruction-01,22114,22114,D6,23,2.0,0,-1.5748012065887451,-1.1396236419677734,-1.0736732482910156,0.06595039367675781
D7-L23-instruction-01-a1-r0,M22.1-D7-L23,instruction-01,22115,22115,D7,23,1.0,0,2.9783053398132324,-1.1396236419677734,-1.125082015991211,0.0145416259765625
D7-L23-instruction-01-a2-r0,M22.1-D7-L23,instruction-01,22115,22115,D7,23,2.0,0,2.9783053398132324,-1.1396236419677734,-1.1104106903076172,0.02921295166015625
D8-L23-instruction-01-a1-r0,M22.1-D8-L23,instruction-01,22116,22116,D8,23,1.0,0,3.880887031555176,-1.1396236419677734,-1.1522626876831055,-0.012639045715332031
D8-L23-instruction-01-a2-r0,M22.1-D8-L23,instruction-01,22116,22116,D8,23,2.0,0,3.880887031555176,-1.1396236419677734,-1.1647462844848633,-0.025122642517089844
D1-L0-instruction-04-a1-r0,M22.1-D1-L0,instruction-04,22101,22101,D1,0,1.0,0,0.010288387537002563,1.6648273468017578,1.7034263610839844,0.03859901428222656
D1-L0-instruction-04-a2-r0,M22.1-D1-L0,instruction-04,22101,22101,D1,0,2.0,0,0.010288387537002563,1.6648273468017578,1.824981689453125,0.1601543426513672
D1-L8-instruction-04-a1-r0,M22.1-D1-L8,instruction-04,22101,22101,D1,8,1.0,0,0.32097476720809937,1.6648273468017578,1.5965862274169922,-0.06824111938476562
D1-L8-instruction-04-a2-r0,M22.1-D1-L8,instruction-04,22101,22101,D1,8,2.0,0,0.32097476720809937,1.6648273468017578,1.4907894134521484,-0.17403793334960938
D1-L15-instruction-04-a1-r0,M22.1-D1-L15,instruction-04,22101,22101,D1,15,1.0,0,0.5021547079086304,1.6648273468017578,1.6376228332519531,-0.027204513549804688
D1-L15-instruction-04-a2-r0,M22.1-D1-L15,instruction-04,22101,22101,D1,15,2.0,0,0.5021547079086304,1.6648273468017578,1.6135940551757812,-0.05123329162597656
D1-L23-instruction-04-a1-r0,M22.1-D1-L23,instruction-04,22101,22101,D1,23,1.0,0,-3.281754970550537,1.6648273468017578,1.6985187530517578,0.03369140625
D1-L23-instruction-04-a2-r0,M22.1-D1-L23,instruction-04,22101,22101,D1,23,2.0,0,-3.281754970550537,1.6648273468017578,1.731907844543457,0.06708049774169922
D2-L0-instruction-04-a1-r0,M22.1-D2-L0,instruction-04,22103,22103,D2,0,1.0,0,-0.4085148572921753,1.6648273468017578,1.6713714599609375,0.0065441131591796875
D2-L0-instruction-04-a2-r0,M22.1-D2-L0,instruction-04,22103,22103,D2,0,2.0,0,-0.4085148572921753,1.6648273468017578,1.665506362915039,0.00067901611328125
D2-L8-instruction-04-a1-r0,M22.1-D2-L8,instruction-04,22103,22103,D2,8,1.0,0,-1.4549615383148193,1.6648273468017578,1.5344877243041992,-0.1303396224975586
D2-L8-instruction-04-a2-r0,M22.1-D2-L8,instruction-04,22103,22103,D2,8,2.0,0,-1.4549615383148193,1.6648273468017578,1.4066314697265625,-0.2581958770751953
D2-L15-instruction-04-a1-r0,M22.1-D2-L15,instruction-04,22103,22103,D2,15,1.0,0,-1.9906508922576904,1.6648273468017578,1.7234210968017578,0.05859375
D2-L15-instruction-04-a2-r0,M22.1-D2-L15,instruction-04,22103,22103,D2,15,2.0,0,-1.9906508922576904,1.6648273468017578,1.7792730331420898,0.11444568634033203
D2-L23-instruction-04-a1-r0,M22.1-D2-L23,instruction-04,22103,22103,D2,23,1.0,0,-1.9442055225372314,1.6648273468017578,1.7825326919555664,0.1177053451538086
D2-L23-instruction-04-a2-r0,M22.1-D2-L23,instruction-04,22103,22103,D2,23,2.0,0,-1.9442055225372314,1.6648273468017578,1.899937629699707,0.23511028289794922
D3-L23-instruction-04-a1-r0,M22.1-D3-L23,instruction-04,22111,22111,D3,23,1.0,0,0.20630806684494019,1.6648273468017578,1.705810546875,0.04098320007324219
D3-L23-instruction-04-a2-r0,M22.1-D3-L23,instruction-04,22111,22111,D3,23,2.0,0,0.20630806684494019,1.6648273468017578,1.7464408874511719,0.08161354064941406
D4-L23-instruction-04-a1-r0,M22.1-D4-L23,instruction-04,22112,22112,D4,23,1.0,0,2.6350021362304688,1.6648273468017578,1.6332483291625977,-0.031579017639160156
D4-L23-instruction-04-a2-r0,M22.1-D4-L23,instruction-04,22112,22112,D4,23,2.0,0,2.6350021362304688,1.6648273468017578,1.6014156341552734,-0.06341171264648438
D5-L23-instruction-04-a1-r0,M22.1-D5-L23,instruction-04,22113,22113,D5,23,1.0,0,-3.6019647121429443,1.6648273468017578,1.6763582229614258,0.011530876159667969
D5-L23-instruction-04-a2-r0,M22.1-D5-L23,instruction-04,22113,22113,D5,23,2.0,0,-3.6019647121429443,1.6648273468017578,1.6875886917114258,0.02276134490966797
D6-L23-instruction-04-a1-r0,M22.1-D6-L23,instruction-04,22114,22114,D6,23,1.0,0,-1.5520154237747192,1.6648273468017578,1.7058782577514648,0.04105091094970703
D6-L23-instruction-04-a2-r0,M22.1-D6-L23,instruction-04,22114,22114,D6,23,2.0,0,-1.5520154237747192,1.6648273468017578,1.7466249465942383,0.08179759979248047
D7-L23-instruction-04-a1-r0,M22.1-D7-L23,instruction-04,22115,22115,D7,23,1.0,0,0.1945708990097046,1.6648273468017578,1.6819076538085938,0.017080307006835938
D7-L23-instruction-04-a2-r0,M22.1-D7-L23,instruction-04,22115,22115,D7,23,2.0,0,0.1945708990097046,1.6648273468017578,1.6986761093139648,0.03384876251220703
D8-L23-instruction-04-a1-r0,M22.1-D8-L23,instruction-04,22116,22116,D8,23,1.0,0,-0.6272201538085938,1.6648273468017578,1.648514747619629,-0.016312599182128906
D8-L23-instruction-04-a2-r0,M22.1-D8-L23,instruction-04,22116,22116,D8,23,2.0,0,-0.6272201538085938,1.6648273468017578,1.6318883895874023,-0.03293895721435547
D1-L0-syntax-01-a1-r0,M22.1-D1-L0,syntax-01,22101,22101,D1,0,1.0,0,-0.11956635117530823,-8.649645805358887,-8.553851127624512,0.095794677734375
D1-L0-syntax-01-a2-r0,M22.1-D1-L0,syntax-01,22101,22101,D1,0,2.0,0,-0.11956635117530823,-8.649645805358887,-8.406902313232422,0.24274349212646484
D1-L8-syntax-01-a1-r0,M22.1-D1-L8,syntax-01,22101,22101,D1,8,1.0,0,-0.15907561779022217,-8.649645805358887,-8.632438659667969,0.01720714569091797
D1-L8-syntax-01-a2-r0,M22.1-D1-L8,syntax-01,22101,22101,D1,8,2.0,0,-0.15907561779022217,-8.649645805358887,-8.613723754882812,0.03592205047607422
D1-L15-syntax-01-a1-r0,M22.1-D1-L15,syntax-01,22101,22101,D1,15,1.0,0,-0.4371931552886963,-8.649645805358887,-8.630159378051758,0.019486427307128906
D1-L15-syntax-01-a2-r0,M22.1-D1-L15,syntax-01,22101,22101,D1,15,2.0,0,-0.4371931552886963,-8.649645805358887,-8.602396011352539,0.047249794006347656
D1-L23-syntax-01-a1-r0,M22.1-D1-L23,syntax-01,22101,22101,D1,23,1.0,0,-0.20727872848510742,-8.649645805358887,-8.618077278137207,0.03156852722167969
D1-L23-syntax-01-a2-r0,M22.1-D1-L23,syntax-01,22101,22101,D1,23,2.0,0,-0.20727872848510742,-8.649645805358887,-8.585054397583008,0.0645914077758789
D2-L0-syntax-01-a1-r0,M22.1-D2-L0,syntax-01,22103,22103,D2,0,1.0,0,-0.3365784287452698,-8.649645805358887,-8.658586502075195,-0.008940696716308594
D2-L0-syntax-01-a2-r0,M22.1-D2-L0,syntax-01,22103,22103,D2,0,2.0,0,-0.3365784287452698,-8.649645805358887,-8.605018615722656,0.04462718963623047
D2-L8-syntax-01-a1-r0,M22.1-D2-L8,syntax-01,22103,22103,D2,8,1.0,0,-0.6930983066558838,-8.649645805358887,-8.641746520996094,0.007899284362792969
D2-L8-syntax-01-a2-r0,M22.1-D2-L8,syntax-01,22103,22103,D2,8,2.0,0,-0.6930983066558838,-8.649645805358887,-8.6343994140625,0.015246391296386719
D2-L15-syntax-01-a1-r0,M22.1-D2-L15,syntax-01,22103,22103,D2,15,1.0,0,-1.0096802711486816,-8.649645805358887,-8.599916458129883,0.049729347229003906
D2-L15-syntax-01-a2-r0,M22.1-D2-L15,syntax-01,22103,22103,D2,15,2.0,0,-1.0096802711486816,-8.649645805358887,-8.54428482055664,0.1053609848022461
D2-L23-syntax-01-a1-r0,M22.1-D2-L23,syntax-01,22103,22103,D2,23,1.0,0,4.2068915367126465,-8.649645805358887,-8.531478881835938,0.11816692352294922
D2-L23-syntax-01-a2-r0,M22.1-D2-L23,syntax-01,22103,22103,D2,23,2.0,0,4.2068915367126465,-8.649645805358887,-8.412092208862305,0.23755359649658203
D3-L23-syntax-01-a1-r0,M22.1-D3-L23,syntax-01,22111,22111,D3,23,1.0,0,-1.0525004863739014,-8.649645805358887,-8.611331939697266,0.038313865661621094
D3-L23-syntax-01-a2-r0,M22.1-D3-L23,syntax-01,22111,22111,D3,23,2.0,0,-1.0525004863739014,-8.649645805358887,-8.57154655456543,0.07809925079345703
D4-L23-syntax-01-a1-r0,M22.1-D4-L23,syntax-01,22112,22112,D4,23,1.0,0,-0.5587093234062195,-8.649645805358887,-8.678787231445312,-0.02914142608642578
D4-L23-syntax-01-a2-r0,M22.1-D4-L23,syntax-01,22112,22112,D4,23,2.0,0,-0.5587093234062195,-8.649645805358887,-8.706436157226562,-0.05679035186767578
D5-L23-syntax-01-a1-r0,M22.1-D5-L23,syntax-01,22113,22113,D5,23,1.0,0,-3.098973035812378,-8.649645805358887,-8.643474578857422,0.006171226501464844
D5-L23-syntax-01-a2-r0,M22.1-D5-L23,syntax-01,22113,22113,D5,23,2.0,0,-3.098973035812378,-8.649645805358887,-8.635814666748047,0.013831138610839844
D6-L23-syntax-01-a1-r0,M22.1-D6-L23,syntax-01,22114,22114,D6,23,1.0,0,-1.7811840772628784,-8.649645805358887,-8.612871170043945,0.036774635314941406
D6-L23-syntax-01-a2-r0,M22.1-D6-L23,syntax-01,22114,22114,D6,23,2.0,0,-1.7811840772628784,-8.649645805358887,-8.574615478515625,0.07503032684326172
D7-L23-syntax-01-a1-r0,M22.1-D7-L23,syntax-01,22115,22115,D7,23,1.0,0,0.22915780544281006,-8.649645805358887,-8.632125854492188,0.01751995086669922
D7-L23-syntax-01-a2-r0,M22.1-D7-L23,syntax-01,22115,22115,D7,23,2.0,0,0.22915780544281006,-8.649645805358887,-8.613150596618652,0.036495208740234375
D8-L23-syntax-01-a1-r0,M22.1-D8-L23,syntax-01,22116,22116,D8,23,1.0,0,-0.3828146457672119,-8.649645805358887,-8.66499137878418,-0.015345573425292969
D8-L23-syntax-01-a2-r0,M22.1-D8-L23,syntax-01,22116,22116,D8,23,2.0,0,-0.3828146457672119,-8.649645805358887,-8.678854942321777,-0.029209136962890625
D1-L0-syntax-04-a1-r0,M22.1-D1-L0,syntax-04,22101,22101,D1,0,1.0,0,0.07696749269962311,-4.178995132446289,-4.164041042327881,0.014954090118408203
D1-L0-syntax-04-a2-r0,M22.1-D1-L0,syntax-04,22101,22101,D1,0,2.0,0,0.07696749269962311,-4.178995132446289,-4.085323333740234,0.09367179870605469
D1-L8-syntax-04-a1-r0,M22.1-D1-L8,syntax-04,22101,22101,D1,8,1.0,0,0.223391592502594,-4.178995132446289,-4.143185138702393,0.035809993743896484
D1-L8-syntax-04-a2-r0,M22.1-D1-L8,syntax-04,22101,22101,D1,8,2.0,0,0.223391592502594,-4.178995132446289,-4.110149383544922,0.06884574890136719
D1-L15-syntax-04-a1-r0,M22.1-D1-L15,syntax-04,22101,22101,D1,15,1.0,0,0.1345103681087494,-4.178995132446289,-4.127102851867676,0.05189228057861328
D1-L15-syntax-04-a2-r0,M22.1-D1-L15,syntax-04,22101,22101,D1,15,2.0,0,0.1345103681087494,-4.178995132446289,-4.073878288269043,0.1051168441772461
D1-L23-syntax-04-a1-r0,M22.1-D1-L23,syntax-04,22101,22101,D1,23,1.0,0,-5.563745975494385,-4.178995132446289,-4.154062271118164,0.024932861328125
D1-L23-syntax-04-a2-r0,M22.1-D1-L23,syntax-04,22101,22101,D1,23,2.0,0,-5.563745975494385,-4.178995132446289,-4.128538608551025,0.05045652389526367
D2-L0-syntax-04-a1-r0,M22.1-D2-L0,syntax-04,22103,22103,D2,0,1.0,0,-0.2975824475288391,-4.178995132446289,-4.01768684387207,0.16130828857421875
D2-L0-syntax-04-a2-r0,M22.1-D2-L0,syntax-04,22103,22103,D2,0,2.0,0,-0.2975824475288391,-4.178995132446289,-3.9126453399658203,0.26634979248046875
D2-L8-syntax-04-a1-r0,M22.1-D2-L8,syntax-04,22103,22103,D2,8,1.0,0,-0.3753683865070343,-4.178995132446289,-4.134957313537598,0.044037818908691406
D2-L8-syntax-04-a2-r0,M22.1-D2-L8,syntax-04,22103,22103,D2,8,2.0,0,-0.3753683865070343,-4.178995132446289,-4.096602439880371,0.08239269256591797
D2-L15-syntax-04-a1-r0,M22.1-D2-L15,syntax-04,22103,22103,D2,15,1.0,0,-0.23357561230659485,-4.178995132446289,-4.10469913482666,0.0742959976196289
D2-L15-syntax-04-a2-r0,M22.1-D2-L15,syntax-04,22103,22103,D2,15,2.0,0,-0.23357561230659485,-4.178995132446289,-4.031810760498047,0.1471843719482422
D2-L23-syntax-04-a1-r0,M22.1-D2-L23,syntax-04,22103,22103,D2,23,1.0,0,-1.3877334594726562,-4.178995132446289,-4.080106735229492,0.09888839721679688
D2-L23-syntax-04-a2-r0,M22.1-D2-L23,syntax-04,22103,22103,D2,23,2.0,0,-1.3877334594726562,-4.178995132446289,-3.9806408882141113,0.19835424423217773
D3-L23-syntax-04-a1-r0,M22.1-D3-L23,syntax-04,22111,22111,D3,23,1.0,0,-0.6321415305137634,-4.178995132446289,-4.144130706787109,0.03486442565917969
D3-L23-syntax-04-a2-r0,M22.1-D3-L23,syntax-04,22111,22111,D3,23,2.0,0,-0.6321415305137634,-4.178995132446289,-4.10870361328125,0.07029151916503906
D4-L23-syntax-04-a1-r0,M22.1-D4-L23,syntax-04,22112,22112,D4,23,1.0,0,-2.0204622745513916,-4.178995132446289,-4.205815315246582,-0.02682018280029297
D4-L23-syntax-04-a2-r0,M22.1-D4-L23,syntax-04,22112,22112,D4,23,2.0,0,-2.0204622745513916,-4.178995132446289,-4.2320556640625,-0.05306053161621094
D5-L23-syntax-04-a1-r0,M22.1-D5-L23,syntax-04,22113,22113,D5,23,1.0,0,-2.2341766357421875,-4.178995132446289,-4.171036720275879,0.007958412170410156
D5-L23-syntax-04-a2-r0,M22.1-D5-L23,syntax-04,22113,22113,D5,23,2.0,0,-2.2341766357421875,-4.178995132446289,-4.162508964538574,0.016486167907714844
D6-L23-syntax-04-a1-r0,M22.1-D6-L23,syntax-04,22114,22114,D6,23,1.0,0,-4.132589817047119,-4.178995132446289,-4.146517753601074,0.032477378845214844
D6-L23-syntax-04-a2-r0,M22.1-D6-L23,syntax-04,22114,22114,D6,23,2.0,0,-4.132589817047119,-4.178995132446289,-4.113466739654541,0.06552839279174805
D7-L23-syntax-04-a1-r0,M22.1-D7-L23,syntax-04,22115,22115,D7,23,1.0,0,1.3949862718582153,-4.178995132446289,-4.16324520111084,0.01574993133544922
D7-L23-syntax-04-a2-r0,M22.1-D7-L23,syntax-04,22115,22115,D7,23,2.0,0,1.3949862718582153,-4.178995132446289,-4.146939754486084,0.03205537796020508
D8-L23-syntax-04-a1-r0,M22.1-D8-L23,syntax-04,22116,22116,D8,23,1.0,0,-1.1093205213546753,-4.178995132446289,-4.193207263946533,-0.01421213150024414
D8-L23-syntax-04-a2-r0,M22.1-D8-L23,syntax-04,22116,22116,D8,23,2.0,0,-1.1093205213546753,-4.178995132446289,-4.206841945648193,-0.027846813201904297
D1-L0-completion-01-a1-r1,M22.1-D1-L0,completion-01,22101,22101,D1,0,1.0,1,-0.04123169928789139,-5.721855163574219,-5.852285385131836,-0.1304302215576172
D1-L0-completion-01-a2-r1,M22.1-D1-L0,completion-01,22101,22101,D1,0,2.0,1,-0.04123169928789139,-5.721855163574219,-5.94061279296875,-0.21875762939453125
D1-L8-completion-01-a1-r1,M22.1-D1-L8,completion-01,22101,22101,D1,8,1.0,1,-0.2163277566432953,-5.721855163574219,-5.65535831451416,0.0664968490600586
D1-L8-completion-01-a2-r1,M22.1-D1-L8,completion-01,22101,22101,D1,8,2.0,1,-0.2163277566432953,-5.721855163574219,-5.588527202606201,0.13332796096801758
D1-L15-completion-01-a1-r1,M22.1-D1-L15,completion-01,22101,22101,D1,15,1.0,1,0.46378982067108154,-5.721855163574219,-5.773293495178223,-0.051438331604003906
D1-L15-completion-01-a2-r1,M22.1-D1-L15,completion-01,22101,22101,D1,15,2.0,1,0.46378982067108154,-5.721855163574219,-5.806988716125488,-0.08513355255126953
D1-L23-completion-01-a1-r1,M22.1-D1-L23,completion-01,22101,22101,D1,23,1.0,1,-2.3416569232940674,-5.721855163574219,-5.691022872924805,0.030832290649414062
D1-L23-completion-01-a2-r1,M22.1-D1-L23,completion-01,22101,22101,D1,23,2.0,1,-2.3416569232940674,-5.721855163574219,-5.659100532531738,0.06275463104248047
D2-L0-completion-01-a1-r1,M22.1-D2-L0,completion-01,22103,22103,D2,0,1.0,1,-0.3834506869316101,-5.721855163574219,-5.661508560180664,0.06034660339355469
D2-L0-completion-01-a2-r1,M22.1-D2-L0,completion-01,22103,22103,D2,0,2.0,1,-0.3834506869316101,-5.721855163574219,-5.570396423339844,0.151458740234375
D2-L8-completion-01-a1-r1,M22.1-D2-L8,completion-01,22103,22103,D2,8,1.0,1,-1.1426784992218018,-5.721855163574219,-5.668025970458984,0.053829193115234375
D2-L8-completion-01-a2-r1,M22.1-D2-L8,completion-01,22103,22103,D2,8,2.0,1,-1.1426784992218018,-5.721855163574219,-5.608968734741211,0.11288642883300781
D2-L15-completion-01-a1-r1,M22.1-D2-L15,completion-01,22103,22103,D2,15,1.0,1,-2.2037384510040283,-5.721855163574219,-5.710933685302734,0.010921478271484375
D2-L15-completion-01-a2-r1,M22.1-D2-L15,completion-01,22103,22103,D2,15,2.0,1,-2.2037384510040283,-5.721855163574219,-5.688169002532959,0.033686161041259766
D2-L23-completion-01-a1-r1,M22.1-D2-L23,completion-01,22103,22103,D2,23,1.0,1,1.0367562770843506,-5.721855163574219,-5.602894306182861,0.11896085739135742
D2-L23-completion-01-a2-r1,M22.1-D2-L23,completion-01,22103,22103,D2,23,2.0,1,1.0367562770843506,-5.721855163574219,-5.482959747314453,0.23889541625976562
D3-L23-completion-01-a1-r1,M22.1-D3-L23,completion-01,22111,22111,D3,23,1.0,1,0.6763198375701904,-5.721855163574219,-5.6793365478515625,0.04251861572265625
D3-L23-completion-01-a2-r1,M22.1-D3-L23,completion-01,22111,22111,D3,23,2.0,1,0.6763198375701904,-5.721855163574219,-5.635774612426758,0.08608055114746094
D4-L23-completion-01-a1-r1,M22.1-D4-L23,completion-01,22112,22112,D4,23,1.0,1,-0.9900994300842285,-5.721855163574219,-5.753011703491211,-0.031156539916992188
D4-L23-completion-01-a2-r1,M22.1-D4-L23,completion-01,22112,22112,D4,23,2.0,1,-0.9900994300842285,-5.721855163574219,-5.783090114593506,-0.06123495101928711
D5-L23-completion-01-a1-r1,M22.1-D5-L23,completion-01,22113,22113,D5,23,1.0,1,1.5265858173370361,-5.721855163574219,-5.70910120010376,0.012753963470458984
D5-L23-completion-01-a2-r1,M22.1-D5-L23,completion-01,22113,22113,D5,23,2.0,1,1.5265858173370361,-5.721855163574219,-5.695273399353027,0.026581764221191406
D6-L23-completion-01-a1-r1,M22.1-D6-L23,completion-01,22114,22114,D6,23,1.0,1,-2.759627342224121,-5.721855163574219,-5.68354606628418,0.03830909729003906
D6-L23-completion-01-a2-r1,M22.1-D6-L23,completion-01,22114,22114,D6,23,2.0,1,-2.759627342224121,-5.721855163574219,-5.644121170043945,0.07773399353027344
D7-L23-completion-01-a1-r1,M22.1-D7-L23,completion-01,22115,22115,D7,23,1.0,1,2.18393611907959,-5.721855163574219,-5.70161771774292,0.020237445831298828
D7-L23-completion-01-a2-r1,M22.1-D7-L23,completion-01,22115,22115,D7,23,2.0,1,2.18393611907959,-5.721855163574219,-5.680332183837891,0.041522979736328125
D8-L23-completion-01-a1-r1,M22.1-D8-L23,completion-01,22116,22116,D8,23,1.0,1,0.42262741923332214,-5.721855163574219,-5.737213611602783,-0.015358448028564453
D8-L23-completion-01-a2-r1,M22.1-D8-L23,completion-01,22116,22116,D8,23,2.0,1,0.42262741923332214,-5.721855163574219,-5.751478672027588,-0.02962350845336914
D1-L0-completion-04-a1-r1,M22.1-D1-L0,completion-04,22101,22101,D1,0,1.0,1,0.040462419390678406,-2.13018798828125,-2.308802604675293,-0.17861461639404297
D1-L0-completion-04-a2-r1,M22.1-D1-L0,completion-04,22101,22101,D1,0,2.0,1,0.040462419390678406,-2.13018798828125,-2.505284309387207,-0.37509632110595703
D1-L8-completion-04-a1-r1,M22.1-D1-L8,completion-04,22101,22101,D1,8,1.0,1,0.2132873237133026,-2.13018798828125,-2.1758766174316406,-0.045688629150390625
D1-L8-completion-04-a2-r1,M22.1-D1-L8,completion-04,22101,22101,D1,8,2.0,1,0.2132873237133026,-2.13018798828125,-2.255849838256836,-0.12566184997558594
D1-L15-completion-04-a1-r1,M22.1-D1-L15,completion-04,22101,22101,D1,15,1.0,1,0.6732167601585388,-2.13018798828125,-2.1046972274780273,0.025490760803222656
D1-L15-completion-04-a2-r1,M22.1-D1-L15,completion-04,22101,22101,D1,15,2.0,1,0.6732167601585388,-2.13018798828125,-2.069753646850586,0.06043434143066406
D1-L23-completion-04-a1-r1,M22.1-D1-L23,completion-04,22101,22101,D1,23,1.0,1,-0.37421470880508423,-2.13018798828125,-2.1043615341186523,0.025826454162597656
D1-L23-completion-04-a2-r1,M22.1-D1-L23,completion-04,22101,22101,D1,23,2.0,1,-0.37421470880508423,-2.13018798828125,-2.078280448913574,0.05190753936767578
D2-L0-completion-04-a1-r1,M22.1-D2-L0,completion-04,22103,22103,D2,0,1.0,1,-0.1564849317073822,-2.13018798828125,-2.0238027572631836,0.1063852310180664
D2-L0-completion-04-a2-r1,M22.1-D2-L0,completion-04,22103,22103,D2,0,2.0,1,-0.1564849317073822,-2.13018798828125,-2.020199775695801,0.10998821258544922
D2-L8-completion-04-a1-r1,M22.1-D2-L8,completion-04,22103,22103,D2,8,1.0,1,-0.43733471632003784,-2.13018798828125,-2.0938501358032227,0.036337852478027344
D2-L8-completion-04-a2-r1,M22.1-D2-L8,completion-04,22103,22103,D2,8,2.0,1,-0.43733471632003784,-2.13018798828125,-2.085923194885254,0.044264793395996094
D2-L15-completion-04-a1-r1,M22.1-D2-L15,completion-04,22103,22103,D2,15,1.0,1,-0.025064915418624878,-2.13018798828125,-2.0818443298339844,0.048343658447265625
D2-L15-completion-04-a2-r1,M22.1-D2-L15,completion-04,22103,22103,D2,15,2.0,1,-0.025064915418624878,-2.13018798828125,-2.032003402709961,0.09818458557128906
D2-L23-completion-04-a1-r1,M22.1-D2-L23,completion-04,22103,22103,D2,23,1.0,1,-5.180248260498047,-2.13018798828125,-2.0390806198120117,0.09110736846923828
D2-L23-completion-04-a2-r1,M22.1-D2-L23,completion-04,22103,22103,D2,23,2.0,1,-5.180248260498047,-2.13018798828125,-1.9476470947265625,0.1825408935546875
D3-L23-completion-04-a1-r1,M22.1-D3-L23,completion-04,22111,22111,D3,23,1.0,1,3.031425714492798,-2.13018798828125,-2.096891403198242,0.03329658508300781
D3-L23-completion-04-a2-r1,M22.1-D3-L23,completion-04,22111,22111,D3,23,2.0,1,3.031425714492798,-2.13018798828125,-2.063389778137207,0.06679821014404297
D4-L23-completion-04-a1-r1,M22.1-D4-L23,completion-04,22112,22112,D4,23,1.0,1,1.4277622699737549,-2.13018798828125,-2.15377140045166,-0.023583412170410156
D4-L23-completion-04-a2-r1,M22.1-D4-L23,completion-04,22112,22112,D4,23,2.0,1,1.4277622699737549,-2.13018798828125,-2.1770925521850586,-0.046904563903808594
D5-L23-completion-04-a1-r1,M22.1-D5-L23,completion-04,22113,22113,D5,23,1.0,1,-3.085803508758545,-2.13018798828125,-2.1225337982177734,0.0076541900634765625
D5-L23-completion-04-a2-r1,M22.1-D5-L23,completion-04,22113,22113,D5,23,2.0,1,-3.085803508758545,-2.13018798828125,-2.1146316528320312,0.01555633544921875
D6-L23-completion-04-a1-r1,M22.1-D6-L23,completion-04,22114,22114,D6,23,1.0,1,-0.06478631496429443,-2.13018798828125,-2.0980472564697266,0.03214073181152344
D6-L23-completion-04-a2-r1,M22.1-D6-L23,completion-04,22114,22114,D6,23,2.0,1,-0.06478631496429443,-2.13018798828125,-2.0656566619873047,0.06453132629394531
D7-L23-completion-04-a1-r1,M22.1-D7-L23,completion-04,22115,22115,D7,23,1.0,1,-0.3554692268371582,-2.13018798828125,-2.1165313720703125,0.0136566162109375
D7-L23-completion-04-a2-r1,M22.1-D7-L23,completion-04,22115,22115,D7,23,2.0,1,-0.3554692268371582,-2.13018798828125,-2.1026268005371094,0.027561187744140625
D8-L23-completion-04-a1-r1,M22.1-D8-L23,completion-04,22116,22116,D8,23,1.0,1,-0.11260741949081421,-2.13018798828125,-2.142953872680664,-0.012765884399414062
D8-L23-completion-04-a2-r1,M22.1-D8-L23,completion-04,22116,22116,D8,23,2.0,1,-0.11260741949081421,-2.13018798828125,-2.1554651260375977,-0.025277137756347656
D1-L0-instruction-01-a1-r1,M22.1-D1-L0,instruction-01,22101,22101,D1,0,1.0,1,0.008781775832176208,-1.1396236419677734,-1.1444816589355469,-0.0048580169677734375
D1-L0-instruction-01-a2-r1,M22.1-D1-L0,instruction-01,22101,22101,D1,0,2.0,1,0.008781775832176208,-1.1396236419677734,-1.1717157363891602,-0.03209209442138672
D1-L8-instruction-01-a1-r1,M22.1-D1-L8,instruction-01,22101,22101,D1,8,1.0,1,0.06990891695022583,-1.1396236419677734,-1.1066312789916992,0.03299236297607422
D1-L8-instruction-01-a2-r1,M22.1-D1-L8,instruction-01,22101,22101,D1,8,2.0,1,0.06990891695022583,-1.1396236419677734,-1.0675058364868164,0.07211780548095703
D1-L15-instruction-01-a1-r1,M22.1-D1-L15,instruction-01,22101,22101,D1,15,1.0,1,0.4044450521469116,-1.1396236419677734,-1.0938100814819336,0.045813560485839844
D1-L15-instruction-01-a2-r1,M22.1-D1-L15,instruction-01,22101,22101,D1,15,2.0,1,0.4044450521469116,-1.1396236419677734,-1.0522327423095703,0.08739089965820312
D1-L23-instruction-01-a1-r1,M22.1-D1-L23,instruction-01,22101,22101,D1,23,1.0,1,-0.9869740009307861,-1.1396236419677734,-1.1130752563476562,0.026548385620117188
D1-L23-instruction-01-a2-r1,M22.1-D1-L23,instruction-01,22101,22101,D1,23,2.0,1,-0.9869740009307861,-1.1396236419677734,-1.0863819122314453,0.053241729736328125
D2-L0-instruction-01-a1-r1,M22.1-D2-L0,instruction-01,22103,22103,D2,0,1.0,1,-0.3750585913658142,-1.1396236419677734,-1.1436796188354492,-0.004055976867675781
D2-L0-instruction-01-a2-r1,M22.1-D2-L0,instruction-01,22103,22103,D2,0,2.0,1,-0.3750585913658142,-1.1396236419677734,-1.1126708984375,0.026952743530273438
D2-L8-instruction-01-a1-r1,M22.1-D2-L8,instruction-01,22103,22103,D2,8,1.0,1,-1.084326982498169,-1.1396236419677734,-1.1136398315429688,0.025983810424804688
D2-L8-instruction-01-a2-r1,M22.1-D2-L8,instruction-01,22103,22103,D2,8,2.0,1,-1.084326982498169,-1.1396236419677734,-1.0691452026367188,0.07047843933105469
D2-L15-instruction-01-a1-r1,M22.1-D2-L15,instruction-01,22103,22103,D2,15,1.0,1,-1.6305633783340454,-1.1396236419677734,-1.0283699035644531,0.11125373840332031
D2-L15-instruction-01-a2-r1,M22.1-D2-L15,instruction-01,22103,22103,D2,15,2.0,1,-1.6305633783340454,-1.1396236419677734,-0.9142999649047852,0.22532367706298828
D2-L23-instruction-01-a1-r1,M22.1-D2-L23,instruction-01,22103,22103,D2,23,1.0,1,-1.6270347833633423,-1.1396236419677734,-1.0446233749389648,0.0950002670288086
D2-L23-instruction-01-a2-r1,M22.1-D2-L23,instruction-01,22103,22103,D2,23,2.0,1,-1.6270347833633423,-1.1396236419677734,-0.9494838714599609,0.1901397705078125
D3-L23-instruction-01-a1-r1,M22.1-D3-L23,instruction-01,22111,22111,D3,23,1.0,1,-0.8554530143737793,-1.1396236419677734,-1.1062231063842773,0.033400535583496094
D3-L23-instruction-01-a2-r1,M22.1-D3-L23,instruction-01,22111,22111,D3,23,2.0,1,-0.8554530143737793,-1.1396236419677734,-1.072683334350586,0.0669403076171875
D4-L23-instruction-01-a1-r1,M22.1-D4-L23,instruction-01,22112,22112,D4,23,1.0,1,3.7941904067993164,-1.1396236419677734,-1.1638317108154297,-0.02420806884765625
D4-L23-instruction-01-a2-r1,M22.1-D4-L23,instruction-01,22112,22112,D4,23,2.0,1,3.7941904067993164,-1.1396236419677734,-1.1878776550292969,-0.04825401306152344
D5-L23-instruction-01-a1-r1,M22.1-D5-L23,instruction-01,22113,22113,D5,23,1.0,1,-4.146543979644775,-1.1396236419677734,-1.1315803527832031,0.008043289184570312
D5-L23-instruction-01-a2-r1,M22.1-D5-L23,instruction-01,22113,22113,D5,23,2.0,1,-4.146543979644775,-1.1396236419677734,-1.123382568359375,0.016241073608398438
D6-L23-instruction-01-a1-r1,M22.1-D6-L23,instruction-01,22114,22114,D6,23,1.0,1,-1.5748012065887451,-1.1396236419677734,-1.1067218780517578,0.032901763916015625
D6-L23-instruction-01-a2-r1,M22.1-D6-L23,instruction-01,22114,22114,D6,23,2.0,1,-1.5748012065887451,-1.1396236419677734,-1.0736732482910156,0.06595039367675781
D7-L23-instruction-01-a1-r1,M22.1-D7-L23,instruction-01,22115,22115,D7,23,1.0,1,2.9783053398132324,-1.1396236419677734,-1.125082015991211,0.0145416259765625
D7-L23-instruction-01-a2-r1,M22.1-D7-L23,instruction-01,22115,22115,D7,23,2.0,1,2.9783053398132324,-1.1396236419677734,-1.1104106903076172,0.02921295166015625
D8-L23-instruction-01-a1-r1,M22.1-D8-L23,instruction-01,22116,22116,D8,23,1.0,1,3.880887031555176,-1.1396236419677734,-1.1522626876831055,-0.012639045715332031
D8-L23-instruction-01-a2-r1,M22.1-D8-L23,instruction-01,22116,22116,D8,23,2.0,1,3.880887031555176,-1.1396236419677734,-1.1647462844848633,-0.025122642517089844
D1-L0-instruction-04-a1-r1,M22.1-D1-L0,instruction-04,22101,22101,D1,0,1.0,1,0.010288387537002563,1.6648273468017578,1.7034263610839844,0.03859901428222656
D1-L0-instruction-04-a2-r1,M22.1-D1-L0,instruction-04,22101,22101,D1,0,2.0,1,0.010288387537002563,1.6648273468017578,1.824981689453125,0.1601543426513672
D1-L8-instruction-04-a1-r1,M22.1-D1-L8,instruction-04,22101,22101,D1,8,1.0,1,0.32097476720809937,1.6648273468017578,1.5965862274169922,-0.06824111938476562
D1-L8-instruction-04-a2-r1,M22.1-D1-L8,instruction-04,22101,22101,D1,8,2.0,1,0.32097476720809937,1.6648273468017578,1.4907894134521484,-0.17403793334960938
D1-L15-instruction-04-a1-r1,M22.1-D1-L15,instruction-04,22101,22101,D1,15,1.0,1,0.5021547079086304,1.6648273468017578,1.6376228332519531,-0.027204513549804688
D1-L15-instruction-04-a2-r1,M22.1-D1-L15,instruction-04,22101,22101,D1,15,2.0,1,0.5021547079086304,1.6648273468017578,1.6135940551757812,-0.05123329162597656
D1-L23-instruction-04-a1-r1,M22.1-D1-L23,instruction-04,22101,22101,D1,23,1.0,1,-3.281754970550537,1.6648273468017578,1.6985187530517578,0.03369140625
D1-L23-instruction-04-a2-r1,M22.1-D1-L23,instruction-04,22101,22101,D1,23,2.0,1,-3.281754970550537,1.6648273468017578,1.731907844543457,0.06708049774169922
D2-L0-instruction-04-a1-r1,M22.1-D2-L0,instruction-04,22103,22103,D2,0,1.0,1,-0.4085148572921753,1.6648273468017578,1.6713714599609375,0.0065441131591796875
D2-L0-instruction-04-a2-r1,M22.1-D2-L0,instruction-04,22103,22103,D2,0,2.0,1,-0.4085148572921753,1.6648273468017578,1.665506362915039,0.00067901611328125
D2-L8-instruction-04-a1-r1,M22.1-D2-L8,instruction-04,22103,22103,D2,8,1.0,1,-1.4549615383148193,1.6648273468017578,1.5344877243041992,-0.1303396224975586
D2-L8-instruction-04-a2-r1,M22.1-D2-L8,instruction-04,22103,22103,D2,8,2.0,1,-1.4549615383148193,1.6648273468017578,1.4066314697265625,-0.2581958770751953
D2-L15-instruction-04-a1-r1,M22.1-D2-L15,instruction-04,22103,22103,D2,15,1.0,1,-1.9906508922576904,1.6648273468017578,1.7234210968017578,0.05859375
D2-L15-instruction-04-a2-r1,M22.1-D2-L15,instruction-04,22103,22103,D2,15,2.0,1,-1.9906508922576904,1.6648273468017578,1.7792730331420898,0.11444568634033203
D2-L23-instruction-04-a1-r1,M22.1-D2-L23,instruction-04,22103,22103,D2,23,1.0,1,-1.9442055225372314,1.6648273468017578,1.7825326919555664,0.1177053451538086
D2-L23-instruction-04-a2-r1,M22.1-D2-L23,instruction-04,22103,22103,D2,23,2.0,1,-1.9442055225372314,1.6648273468017578,1.899937629699707,0.23511028289794922
D3-L23-instruction-04-a1-r1,M22.1-D3-L23,instruction-04,22111,22111,D3,23,1.0,1,0.20630806684494019,1.6648273468017578,1.705810546875,0.04098320007324219
D3-L23-instruction-04-a2-r1,M22.1-D3-L23,instruction-04,22111,22111,D3,23,2.0,1,0.20630806684494019,1.6648273468017578,1.7464408874511719,0.08161354064941406
D4-L23-instruction-04-a1-r1,M22.1-D4-L23,instruction-04,22112,22112,D4,23,1.0,1,2.6350021362304688,1.6648273468017578,1.6332483291625977,-0.031579017639160156
D4-L23-instruction-04-a2-r1,M22.1-D4-L23,instruction-04,22112,22112,D4,23,2.0,1,2.6350021362304688,1.6648273468017578,1.6014156341552734,-0.06341171264648438
D5-L23-instruction-04-a1-r1,M22.1-D5-L23,instruction-04,22113,22113,D5,23,1.0,1,-3.6019647121429443,1.6648273468017578,1.6763582229614258,0.011530876159667969
D5-L23-instruction-04-a2-r1,M22.1-D5-L23,instruction-04,22113,22113,D5,23,2.0,1,-3.6019647121429443,1.6648273468017578,1.6875886917114258,0.02276134490966797
D6-L23-instruction-04-a1-r1,M22.1-D6-L23,instruction-04,22114,22114,D6,23,1.0,1,-1.5520154237747192,1.6648273468017578,1.7058782577514648,0.04105091094970703
D6-L23-instruction-04-a2-r1,M22.1-D6-L23,instruction-04,22114,22114,D6,23,2.0,1,-1.5520154237747192,1.6648273468017578,1.7466249465942383,0.08179759979248047
D7-L23-instruction-04-a1-r1,M22.1-D7-L23,instruction-04,22115,22115,D7,23,1.0,1,0.1945708990097046,1.6648273468017578,1.6819076538085938,0.017080307006835938
D7-L23-instruction-04-a2-r1,M22.1-D7-L23,instruction-04,22115,22115,D7,23,2.0,1,0.1945708990097046,1.6648273468017578,1.6986761093139648,0.03384876251220703
D8-L23-instruction-04-a1-r1,M22.1-D8-L23,instruction-04,22116,22116,D8,23,1.0,1,-0.6272201538085938,1.6648273468017578,1.648514747619629,-0.016312599182128906
D8-L23-instruction-04-a2-r1,M22.1-D8-L23,instruction-04,22116,22116,D8,23,2.0,1,-0.6272201538085938,1.6648273468017578,1.6318883895874023,-0.03293895721435547
D1-L0-syntax-01-a1-r1,M22.1-D1-L0,syntax-01,22101,22101,D1,0,1.0,1,-0.11956635117530823,-8.649645805358887,-8.553851127624512,0.095794677734375
D1-L0-syntax-01-a2-r1,M22.1-D1-L0,syntax-01,22101,22101,D1,0,2.0,1,-0.11956635117530823,-8.649645805358887,-8.406902313232422,0.24274349212646484
D1-L8-syntax-01-a1-r1,M22.1-D1-L8,syntax-01,22101,22101,D1,8,1.0,1,-0.15907561779022217,-8.649645805358887,-8.632438659667969,0.01720714569091797
D1-L8-syntax-01-a2-r1,M22.1-D1-L8,syntax-01,22101,22101,D1,8,2.0,1,-0.15907561779022217,-8.649645805358887,-8.613723754882812,0.03592205047607422
D1-L15-syntax-01-a1-r1,M22.1-D1-L15,syntax-01,22101,22101,D1,15,1.0,1,-0.4371931552886963,-8.649645805358887,-8.630159378051758,0.019486427307128906
D1-L15-syntax-01-a2-r1,M22.1-D1-L15,syntax-01,22101,22101,D1,15,2.0,1,-0.4371931552886963,-8.649645805358887,-8.602396011352539,0.047249794006347656
D1-L23-syntax-01-a1-r1,M22.1-D1-L23,syntax-01,22101,22101,D1,23,1.0,1,-0.20727872848510742,-8.649645805358887,-8.618077278137207,0.03156852722167969
D1-L23-syntax-01-a2-r1,M22.1-D1-L23,syntax-01,22101,22101,D1,23,2.0,1,-0.20727872848510742,-8.649645805358887,-8.585054397583008,0.0645914077758789
D2-L0-syntax-01-a1-r1,M22.1-D2-L0,syntax-01,22103,22103,D2,0,1.0,1,-0.3365784287452698,-8.649645805358887,-8.658586502075195,-0.008940696716308594
D2-L0-syntax-01-a2-r1,M22.1-D2-L0,syntax-01,22103,22103,D2,0,2.0,1,-0.3365784287452698,-8.649645805358887,-8.605018615722656,0.04462718963623047
D2-L8-syntax-01-a1-r1,M22.1-D2-L8,syntax-01,22103,22103,D2,8,1.0,1,-0.6930983066558838,-8.649645805358887,-8.641746520996094,0.007899284362792969
D2-L8-syntax-01-a2-r1,M22.1-D2-L8,syntax-01,22103,22103,D2,8,2.0,1,-0.6930983066558838,-8.649645805358887,-8.6343994140625,0.015246391296386719
D2-L15-syntax-01-a1-r1,M22.1-D2-L15,syntax-01,22103,22103,D2,15,1.0,1,-1.0096802711486816,-8.649645805358887,-8.599916458129883,0.049729347229003906
D2-L15-syntax-01-a2-r1,M22.1-D2-L15,syntax-01,22103,22103,D2,15,2.0,1,-1.0096802711486816,-8.649645805358887,-8.54428482055664,0.1053609848022461
D2-L23-syntax-01-a1-r1,M22.1-D2-L23,syntax-01,22103,22103,D2,23,1.0,1,4.2068915367126465,-8.649645805358887,-8.531478881835938,0.11816692352294922
D2-L23-syntax-01-a2-r1,M22.1-D2-L23,syntax-01,22103,22103,D2,23,2.0,1,4.2068915367126465,-8.649645805358887,-8.412092208862305,0.23755359649658203
D3-L23-syntax-01-a1-r1,M22.1-D3-L23,syntax-01,22111,22111,D3,23,1.0,1,-1.0525004863739014,-8.649645805358887,-8.611331939697266,0.038313865661621094
D3-L23-syntax-01-a2-r1,M22.1-D3-L23,syntax-01,22111,22111,D3,23,2.0,1,-1.0525004863739014,-8.649645805358887,-8.57154655456543,0.07809925079345703
D4-L23-syntax-01-a1-r1,M22.1-D4-L23,syntax-01,22112,22112,D4,23,1.0,1,-0.5587093234062195,-8.649645805358887,-8.678787231445312,-0.02914142608642578
D4-L23-syntax-01-a2-r1,M22.1-D4-L23,syntax-01,22112,22112,D4,23,2.0,1,-0.5587093234062195,-8.649645805358887,-8.706436157226562,-0.05679035186767578
D5-L23-syntax-01-a1-r1,M22.1-D5-L23,syntax-01,22113,22113,D5,23,1.0,1,-3.098973035812378,-8.649645805358887,-8.643474578857422,0.006171226501464844
D5-L23-syntax-01-a2-r1,M22.1-D5-L23,syntax-01,22113,22113,D5,23,2.0,1,-3.098973035812378,-8.649645805358887,-8.635814666748047,0.013831138610839844
D6-L23-syntax-01-a1-r1,M22.1-D6-L23,syntax-01,22114,22114,D6,23,1.0,1,-1.7811840772628784,-8.649645805358887,-8.612871170043945,0.036774635314941406
D6-L23-syntax-01-a2-r1,M22.1-D6-L23,syntax-01,22114,22114,D6,23,2.0,1,-1.7811840772628784,-8.649645805358887,-8.574615478515625,0.07503032684326172
D7-L23-syntax-01-a1-r1,M22.1-D7-L23,syntax-01,22115,22115,D7,23,1.0,1,0.22915780544281006,-8.649645805358887,-8.632125854492188,0.01751995086669922
D7-L23-syntax-01-a2-r1,M22.1-D7-L23,syntax-01,22115,22115,D7,23,2.0,1,0.22915780544281006,-8.649645805358887,-8.613150596618652,0.036495208740234375
D8-L23-syntax-01-a1-r1,M22.1-D8-L23,syntax-01,22116,22116,D8,23,1.0,1,-0.3828146457672119,-8.649645805358887,-8.66499137878418,-0.015345573425292969
D8-L23-syntax-01-a2-r1,M22.1-D8-L23,syntax-01,22116,22116,D8,23,2.0,1,-0.3828146457672119,-8.649645805358887,-8.678854942321777,-0.029209136962890625
D1-L0-syntax-04-a1-r1,M22.1-D1-L0,syntax-04,22101,22101,D1,0,1.0,1,0.07696749269962311,-4.178995132446289,-4.164041042327881,0.014954090118408203
D1-L0-syntax-04-a2-r1,M22.1-D1-L0,syntax-04,22101,22101,D1,0,2.0,1,0.07696749269962311,-4.178995132446289,-4.085323333740234,0.09367179870605469
D1-L8-syntax-04-a1-r1,M22.1-D1-L8,syntax-04,22101,22101,D1,8,1.0,1,0.223391592502594,-4.178995132446289,-4.143185138702393,0.035809993743896484
D1-L8-syntax-04-a2-r1,M22.1-D1-L8,syntax-04,22101,22101,D1,8,2.0,1,0.223391592502594,-4.178995132446289,-4.110149383544922,0.06884574890136719
D1-L15-syntax-04-a1-r1,M22.1-D1-L15,syntax-04,22101,22101,D1,15,1.0,1,0.1345103681087494,-4.178995132446289,-4.127102851867676,0.05189228057861328
D1-L15-syntax-04-a2-r1,M22.1-D1-L15,syntax-04,22101,22101,D1,15,2.0,1,0.1345103681087494,-4.178995132446289,-4.073878288269043,0.1051168441772461
D1-L23-syntax-04-a1-r1,M22.1-D1-L23,syntax-04,22101,22101,D1,23,1.0,1,-5.563745975494385,-4.178995132446289,-4.154062271118164,0.024932861328125
D1-L23-syntax-04-a2-r1,M22.1-D1-L23,syntax-04,22101,22101,D1,23,2.0,1,-5.563745975494385,-4.178995132446289,-4.128538608551025,0.05045652389526367
D2-L0-syntax-04-a1-r1,M22.1-D2-L0,syntax-04,22103,22103,D2,0,1.0,1,-0.2975824475288391,-4.178995132446289,-4.01768684387207,0.16130828857421875
D2-L0-syntax-04-a2-r1,M22.1-D2-L0,syntax-04,22103,22103,D2,0,2.0,1,-0.2975824475288391,-4.178995132446289,-3.9126453399658203,0.26634979248046875
D2-L8-syntax-04-a1-r1,M22.1-D2-L8,syntax-04,22103,22103,D2,8,1.0,1,-0.3753683865070343,-4.178995132446289,-4.134957313537598,0.044037818908691406
D2-L8-syntax-04-a2-r1,M22.1-D2-L8,syntax-04,22103,22103,D2,8,2.0,1,-0.3753683865070343,-4.178995132446289,-4.096602439880371,0.08239269256591797
D2-L15-syntax-04-a1-r1,M22.1-D2-L15,syntax-04,22103,22103,D2,15,1.0,1,-0.23357561230659485,-4.178995132446289,-4.10469913482666,0.0742959976196289
D2-L15-syntax-04-a2-r1,M22.1-D2-L15,syntax-04,22103,22103,D2,15,2.0,1,-0.23357561230659485,-4.178995132446289,-4.031810760498047,0.1471843719482422
D2-L23-syntax-04-a1-r1,M22.1-D2-L23,syntax-04,22103,22103,D2,23,1.0,1,-1.3877334594726562,-4.178995132446289,-4.080106735229492,0.09888839721679688
D2-L23-syntax-04-a2-r1,M22.1-D2-L23,syntax-04,22103,22103,D2,23,2.0,1,-1.3877334594726562,-4.178995132446289,-3.9806408882141113,0.19835424423217773
D3-L23-syntax-04-a1-r1,M22.1-D3-L23,syntax-04,22111,22111,D3,23,1.0,1,-0.6321415305137634,-4.178995132446289,-4.144130706787109,0.03486442565917969
D3-L23-syntax-04-a2-r1,M22.1-D3-L23,syntax-04,22111,22111,D3,23,2.0,1,-0.6321415305137634,-4.178995132446289,-4.10870361328125,0.07029151916503906
D4-L23-syntax-04-a1-r1,M22.1-D4-L23,syntax-04,22112,22112,D4,23,1.0,1,-2.0204622745513916,-4.178995132446289,-4.205815315246582,-0.02682018280029297
D4-L23-syntax-04-a2-r1,M22.1-D4-L23,syntax-04,22112,22112,D4,23,2.0,1,-2.0204622745513916,-4.178995132446289,-4.2320556640625,-0.05306053161621094
D5-L23-syntax-04-a1-r1,M22.1-D5-L23,syntax-04,22113,22113,D5,23,1.0,1,-2.2341766357421875,-4.178995132446289,-4.171036720275879,0.007958412170410156
D5-L23-syntax-04-a2-r1,M22.1-D5-L23,syntax-04,22113,22113,D5,23,2.0,1,-2.2341766357421875,-4.178995132446289,-4.162508964538574,0.016486167907714844
D6-L23-syntax-04-a1-r1,M22.1-D6-L23,syntax-04,22114,22114,D6,23,1.0,1,-4.132589817047119,-4.178995132446289,-4.146517753601074,0.032477378845214844
D6-L23-syntax-04-a2-r1,M22.1-D6-L23,syntax-04,22114,22114,D6,23,2.0,1,-4.132589817047119,-4.178995132446289,-4.113466739654541,0.06552839279174805
D7-L23-syntax-04-a1-r1,M22.1-D7-L23,syntax-04,22115,22115,D7,23,1.0,1,1.3949862718582153,-4.178995132446289,-4.16324520111084,0.01574993133544922
D7-L23-syntax-04-a2-r1,M22.1-D7-L23,syntax-04,22115,22115,D7,23,2.0,1,1.3949862718582153,-4.178995132446289,-4.146939754486084,0.03205537796020508
D8-L23-syntax-04-a1-r1,M22.1-D8-L23,syntax-04,22116,22116,D8,23,1.0,1,-1.1093205213546753,-4.178995132446289,-4.193207263946533,-0.01421213150024414
D8-L23-syntax-04-a2-r1,M22.1-D8-L23,syntax-04,22116,22116,D8,23,2.0,1,-1.1093205213546753,-4.178995132446289,-4.206841945648193,-0.027846813201904297
