intervention_id,layer,hook,direction_id,alpha,prompt_id,family,partition,g,g_orth,baseline_prediction,candidate_prediction,shuffled_prediction,response_rule,baseline_output,intervened_output,observed_effect,abs_error_baseline,abs_error_mechanism,paired_difference,shuffled_paired_difference,orth_paired_difference
M22.1-D1-L0,0,blocks.0.hook_resid_post,D1,1.0,c-completion-02,completion,validation,-0.005959082230152932,0.0035655523535625087,0.02711375554402669,-0.005959082230152932,0.04336136177403321,prediction = g,-4.611128807067871,-4.612148284912109,-0.0010194778442382812,0.028133233388264973,0.004939604385914651,0.02319362900235032,-0.016247606230006515,0.023548203190464183
M22.1-D1-L8,8,blocks.8.hook_resid_post,D1,1.0,c-completion-02,completion,validation,-0.014273964221795783,-0.0013596878364241574,0.02379457155863444,-0.014273964221795783,0.11450084330321308,prediction = g,-4.611128807067871,-4.626598358154297,-0.015469551086425781,0.039264122645060226,0.001195586864629998,0.03806853578043023,-0.09070627174457864,0.025154259395058602
M22.1-D1-L15,15,blocks.15.hook_resid_post,D1,1.0,c-completion-02,completion,validation,0.0041619422152145615,0.020122055634356307,-0.0065801143646240234,0.0041619422152145615,-0.019100151208596164,prediction = g,-4.611128807067871,-4.607048034667969,0.004080772399902344,0.010660886764526367,8.116981531221777e-05,0.01057971694921415,-0.01252003684397214,-0.005380396469927596
M22.1-D1-L0,0,blocks.0.hook_resid_post,D1,1.0,c-completion-05,completion,validation,0.08798069946190155,0.06701555159700698,0.02711375554402669,0.08798069946190155,-0.008242263145807952,prediction = g,-4.584173202514648,-4.493279457092285,0.09089374542236328,0.0637799898783366,0.002913045960461727,0.060866943917874866,-0.03535601868983464,0.03990179605298029
M22.1-D1-L8,8,blocks.8.hook_resid_post,D1,1.0,c-completion-05,completion,validation,0.0032606333290379295,0.05360529346818318,0.02379457155863444,0.0032606333290379295,-0.03359752411942571,prediction = g,-4.584173202514648,-4.576888084411621,0.007285118103027344,0.016509453455607098,0.004024484773989414,0.012484968681617683,-0.024373188766845955,-0.029810721909548737
M22.1-D1-L15,15,blocks.15.hook_resid_post,D1,1.0,c-completion-05,completion,validation,-0.01768423443756079,0.0035844716287363396,-0.0065801143646240234,-0.01768423443756079,-0.05164390727691684,prediction = g,-4.584173202514648,-4.598913192749023,-0.014739990234375,0.008159875869750977,0.0029442442031857897,0.005215631666565187,-0.028744041172790863,-0.010164585993360363
M22.1-D1-L0,0,blocks.0.hook_resid_post,D1,1.0,c-completion-08,completion,validation,-0.029614015342824485,-0.1060654218433692,0.02711375554402669,-0.029614015342824485,-0.024902605580543982,prediction = g,-4.899226188659668,-4.958521366119385,-0.0592951774597168,0.08640893300374348,0.029681162116892312,0.05672777088685117,0.05201636112457067,0.03963868862009108
M22.1-D1-L8,8,blocks.8.hook_resid_post,D1,1.0,c-completion-08,completion,validation,-0.014256135172292003,-0.0732797152134583,0.02379457155863444,-0.014256135172292003,0.11500338495288348,prediction = g,-4.899226188659668,-4.915798664093018,-0.01657247543334961,0.040367046991984054,0.002316340261057606,0.03805070673092645,-0.09120881339424904,-0.01634019278812464
M22.1-D1-L15,15,blocks.15.hook_resid_post,D1,1.0,c-completion-08,completion,validation,-0.057140228066492216,0.008284801432940206,-0.0065801143646240234,-0.057140228066492216,0.0041619422152145615,prediction = g,-4.899226188659668,-4.960655212402344,-0.06142902374267578,0.05484890937805176,0.0042887956761835655,0.05056011370186819,-0.01074205657983858,-0.01486491579756423
M22.1-D1-L0,0,blocks.0.hook_resid_post,D1,1.0,c-completion-11,completion,validation,-0.008242263145807952,0.07514247797707514,0.02711375554402669,-0.008242263145807952,0.11489909110283608,prediction = g,-3.873166084289551,-3.875227928161621,-0.0020618438720703125,0.029175599416097004,0.00618041927373764,0.022995180142359364,-0.0877853355588094,-0.048028722433048454
M22.1-D1-L8,8,blocks.8.hook_resid_post,D1,1.0,c-completion-11,completion,validation,0.02420259493574893,-0.04357092044796466,0.02379457155863444,0.02420259493574893,-0.005320224995950355,prediction = g,-3.873166084289551,-3.8440628051757812,0.02910327911376953,0.00530870755513509,0.004900684178020601,0.00040802337711448936,-0.029114796554584797,-0.0673654920065991
M22.1-D1-L15,15,blocks.15.hook_resid_post,D1,1.0,c-completion-11,completion,validation,-0.05164390727691684,0.07484226026434378,-0.0065801143646240234,-0.05164390727691684,-0.01768423443756079,prediction = g,-3.873166084289551,-3.9239625930786133,-0.0507965087890625,0.04421639442443848,0.0008473984878543395,0.04336899593658414,0.011104120072936763,-0.08142237462896779
M22.1-D1-L0,0,blocks.0.hook_resid_post,D1,1.0,c-instruction-02,instruction,validation,0.04336136177403321,0.006634478778675117,0.02711375554402669,0.04336136177403321,0.09527919339587293,prediction = g,-1.4613895416259766,-1.427581787109375,0.03380775451660156,0.006693998972574871,0.009553607257431644,-0.002859608284856773,-0.05477743990669649,-0.020479276765351575
M22.1-D1-L8,8,blocks.8.hook_resid_post,D1,1.0,c-instruction-02,instruction,validation,0.11450084330321308,0.02850984136791465,0.02379457155863444,0.11450084330321308,0.05132085996978738,prediction = g,-1.4613895416259766,-1.3192062377929688,0.1421833038330078,0.11838873227437337,0.027682460529794728,0.09070627174457864,0.02752628841115294,0.0047152698092802064
M22.1-D1-L15,15,blocks.15.hook_resid_post,D1,1.0,c-instruction-02,instruction,validation,-0.06846130089425344,0.07209679033780622,-0.0065801143646240234,-0.06846130089425344,0.0023653546284130196,prediction = g,-1.4613895416259766,-1.5224456787109375,-0.06105613708496094,0.054476022720336914,0.0074051638092925,0.047070858911044414,-0.00894546899303704,-0.07867690470243024
M22.1-D1-L0,0,blocks.0.hook_resid_post,D1,1.0,c-instruction-05,instruction,validation,0.11489909110283608,-0.013499063269762326,0.02711375554402669,0.11489909110283608,-0.005298069354611072,prediction = g,-0.8269867897033691,-0.7073521614074707,0.11963462829589844,0.09252087275187175,0.004735537193062356,0.0877853355588094,-0.03241182489863777,-0.04061281881378902
M22.1-D1-L8,8,blocks.8.hook_resid_post,D1,1.0,c-instruction-05,instruction,validation,0.08292055611501999,0.07162598646088353,0.02379457155863444,0.08292055611501999,-0.014273964221795783,prediction = g,-0.8269867897033691,-0.7453336715698242,0.08165311813354492,0.05785854657491048,0.0012674379814750641,0.05659110859343541,-0.03806853578043022,0.047831414902249084
M22.1-D1-L15,15,blocks.15.hook_resid_post,D1,1.0,c-instruction-05,instruction,validation,0.015422616798436511,0.08863670010372184,-0.0065801143646240234,0.015422616798436511,-0.06846130089425344,prediction = g,-0.8269867897033691,-0.810307502746582,0.01667928695678711,0.023259401321411133,0.001256670158350598,0.022002731163060535,-0.061881186529629414,-0.04869801182552359
M22.1-D1-L0,0,blocks.0.hook_resid_post,D1,1.0,c-instruction-08,instruction,validation,-0.005298069354611072,-0.031203297511377293,0.02711375554402669,-0.005298069354611072,0.08798069946190155,prediction = g,-1.430084228515625,-1.4078598022460938,0.02222442626953125,0.0048893292744954416,0.027522495624142322,-0.02263316634964688,-0.060866943917874866,-0.048538394506413104
M22.1-D1-L8,8,blocks.8.hook_resid_post,D1,1.0,c-instruction-08,instruction,validation,0.11500338495288348,0.09653068552355071,0.02379457155863444,0.11500338495288348,0.0032606333290379295,prediction = g,-1.430084228515625,-1.3075551986694336,0.1225290298461914,0.09873445828755696,0.007525644893307926,0.09120881339424904,-0.02053393822959651,0.07273611396491626
M22.1-D1-L15,15,blocks.15.hook_resid_post,D1,1.0,c-instruction-08,instruction,validation,-0.11236604735482658,0.1330331926255896,-0.0065801143646240234,-0.11236604735482658,-0.01026652225641812,prediction = g,-1.430084228515625,-1.5333337783813477,-0.10324954986572266,0.09666943550109863,0.009116497489103925,0.08755293801199471,0.0036864078917940996,-0.13961330699021363
M22.1-D1-L0,0,blocks.0.hook_resid_post,D1,1.0,c-instruction-11,instruction,validation,0.15157720356551452,0.075806162373922,0.02711375554402669,0.15157720356551452,-0.0036222144338980203,prediction = g,0.5510101318359375,0.6825542449951172,0.1315441131591797,0.104430357615153,0.02003309040633483,0.08439726720881817,-0.0307359699779247,0.04869240682989531
M22.1-D1-L8,8,blocks.8.hook_resid_post,D1,1.0,c-instruction-11,instruction,validation,0.1064613447136665,-0.016705852015554426,0.02379457155863444,0.1064613447136665,0.02420259493574893,prediction = g,0.5510101318359375,0.6455612182617188,0.09455108642578125,0.0707565148671468,0.01191025828788525,0.058846256579261555,0.0004080233771144859,-0.04050042357418887
M22.1-D1-L15,15,blocks.15.hook_resid_post,D1,1.0,c-instruction-11,instruction,validation,-0.019100151208596164,0.09760950550346484,-0.0065801143646240234,-0.019100151208596164,-0.11236604735482658,prediction = g,0.5510101318359375,0.5283851623535156,-0.022624969482421875,0.01604485511779785,0.003524818273825711,0.01252003684397214,-0.07369622275460685,-0.10418961986808886
M22.1-D1-L0,0,blocks.0.hook_resid_post,D1,1.0,c-syntax-02,syntax,validation,-0.024902605580543982,-0.026348851507121587,0.02711375554402669,-0.024902605580543982,-0.03434993662628902,prediction = g,-3.697359085083008,-3.6991891860961914,-0.0018301010131835938,0.028943856557210285,0.02307250456736039,0.005871351989849897,-0.003575979055895139,0.004425106063272292
M22.1-D1-L8,8,blocks.8.hook_resid_post,D1,1.0,c-syntax-02,syntax,validation,0.05132085996978738,0.04377049085241856,0.02379457155863444,0.05132085996978738,-0.014256135172292003,prediction = g,-3.697359085083008,-3.645395278930664,0.05196380615234375,0.02816923459370931,0.0006429461825563712,0.027526288411152938,-0.03805070673092645,0.01997591929378412
M22.1-D1-L15,15,blocks.15.hook_resid_post,D1,1.0,c-syntax-02,syntax,validation,0.025127287444546106,0.06165117858926291,-0.0065801143646240234,0.025127287444546106,0.025127287444546106,prediction = g,-3.697359085083008,-3.670461654663086,0.026897430419921875,0.0334775447845459,0.0017701429753757686,0.03170740180917013,0.03170740180917013,-0.0012762033847951368
M22.1-D1-L0,0,blocks.0.hook_resid_post,D1,1.0,c-syntax-05,syntax,validation,-0.0036222144338980203,-0.07255027113868501,0.02711375554402669,-0.0036222144338980203,-0.005959082230152932,prediction = g,-3.1857452392578125,-3.1803932189941406,0.005352020263671875,0.021761735280354817,0.008974234697569895,0.012787500582784921,0.01045063278653001,-0.05614055612200207
M22.1-D1-L8,8,blocks.8.hook_resid_post,D1,1.0,c-syntax-05,syntax,validation,-0.009638319129683152,-0.05099530925802924,0.02379457155863444,-0.009638319129683152,0.08292055611501999,prediction = g,-3.1857452392578125,-3.1940765380859375,-0.008331298828125,0.032125870386759445,0.0013070203015581525,0.030818850085201292,-0.05912598455638554,-0.010538140043144795
M22.1-D1-L15,15,blocks.15.hook_resid_post,D1,1.0,c-syntax-05,syntax,validation,-0.01355439101336032,0.05295942409124916,-0.0065801143646240234,-0.01355439101336032,-0.01355439101336032,prediction = g,-3.1857452392578125,-3.1995620727539062,-0.01381683349609375,0.0072367191314697266,0.0002624424827334295,0.006974276648736297,0.006974276648736297,-0.059539538455873176
M22.1-D1-L0,0,blocks.0.hook_resid_post,D1,1.0,c-syntax-08,syntax,validation,-0.03434993662628902,-0.04800950025916223,0.02711375554402669,-0.03434993662628902,0.15157720356551452,prediction = g,-3.6651930809020996,-3.719087600708008,-0.0538945198059082,0.08100827534993489,0.019544583179619185,0.061463692170315706,-0.12446344802148783,0.07512325580318892
M22.1-D1-L8,8,blocks.8.hook_resid_post,D1,1.0,c-syntax-08,syntax,validation,-0.005320224995950355,0.042926365061698044,0.02379457155863444,-0.005320224995950355,0.1064613447136665,prediction = g,-3.6651930809020996,-3.6673593521118164,-0.002166271209716797,0.025960842768351238,0.0031539537862335584,0.02280688898211768,-0.08266677315503206,-0.019131793503063602
M22.1-D1-L15,15,blocks.15.hook_resid_post,D1,1.0,c-syntax-08,syntax,validation,0.0023653546284130196,-0.009805029683470828,-0.0065801143646240234,0.0023653546284130196,-0.057140228066492216,prediction = g,-3.6651930809020996,-3.663262367248535,0.0019307136535644531,0.008510828018188477,0.0004346409748485665,0.00807618704333991,-0.05056011370186819,-0.003224915318846805
M22.1-D1-L0,0,blocks.0.hook_resid_post,D1,1.0,c-syntax-11,syntax,validation,0.09527919339587293,0.17510625805089475,0.02711375554402669,0.09527919339587293,-0.029614015342824485,prediction = g,-3.556081771850586,-3.498654365539551,0.057427406311035156,0.030313650767008465,0.037851787084837774,-0.007538136317829309,-0.05672777088685117,-0.08736520097285112
M22.1-D1-L8,8,blocks.8.hook_resid_post,D1,1.0,c-syntax-11,syntax,validation,-0.03359752411942571,0.05207231629681936,0.02379457155863444,-0.03359752411942571,-0.009638319129683152,prediction = g,-3.556081771850586,-3.580263137817383,-0.024181365966796875,0.04797593752543132,0.009416158152628834,0.038559779372802486,0.0334328906883176,-0.02827774473818491
M22.1-D1-L15,15,blocks.15.hook_resid_post,D1,1.0,c-syntax-11,syntax,validation,-0.01026652225641812,0.043767358510699475,-0.0065801143646240234,-0.01026652225641812,0.015422616798436511,prediction = g,-3.556081771850586,-3.569260597229004,-0.013178825378417969,0.006598711013793945,0.0029123031219998492,0.003686407891794096,-0.022002731163060535,-0.0503474728753235
M22.1-D1-L0,0,blocks.0.hook_resid_post,D1,1.0,c-completion-03,completion,evaluation,0.001169076072398391,-0.07864103027803648,0.02711375554402669,0.001169076072398391,-0.13446365734499874,prediction = g,-2.7336511611938477,-2.697890281677246,0.03576087951660156,0.008647123972574871,0.03459180344420317,-0.0259446794716283,-0.16157741288902544,-0.10575478582206317
M22.1-D1-L8,8,blocks.8.hook_resid_post,D1,1.0,c-completion-03,completion,evaluation,-0.1007898776349111,-0.057837226817056726,0.02379457155863444,-0.1007898776349111,0.06143354111515219,prediction = g,-2.7336511611938477,-2.839411735534668,-0.10576057434082031,0.12955514589945474,0.004970696705909217,0.12458444919354553,-0.03763896955651777,0.08163179837569115
M22.1-D1-L15,15,blocks.15.hook_resid_post,D1,1.0,c-completion-03,completion,evaluation,-0.0949226966529155,0.029185421447983223,-0.0065801143646240234,-0.0949226966529155,-0.06260469313302365,prediction = g,-2.7336511611938477,-2.829195976257324,-0.09554481506347656,0.08896470069885254,0.0006221184105610622,0.08834258228829148,0.05602457876839963,-0.035765535812607246
M22.1-D1-L0,0,blocks.0.hook_resid_post,D1,1.0,c-completion-06,completion,evaluation,0.05349364862261689,-0.10661703740109818,0.02711375554402669,0.05349364862261689,0.03528927402867256,prediction = g,-5.319012641906738,-5.276594161987305,0.042418479919433594,0.015304724375406902,0.0110751687031833,0.004229555672223603,0.008175518484645868,-0.13373079294512488
M22.1-D1-L8,8,blocks.8.hook_resid_post,D1,1.0,c-completion-06,completion,evaluation,-0.012803054232817017,-0.024235082138482703,0.02379457155863444,-0.012803054232817017,0.06661369679782703,prediction = g,-5.319012641906738,-5.334237098693848,-0.015224456787109375,0.03901902834574382,0.002421402554292358,0.03659762579145146,-0.04281912523919258,0.030008402994370492
M22.1-D1-L15,15,blocks.15.hook_resid_post,D1,1.0,c-completion-06,completion,evaluation,0.08343333843291487,-0.1455670238499076,-0.0065801143646240234,0.08343333843291487,-0.029034262478866767,prediction = g,-5.319012641906738,-5.223282814025879,0.09572982788085938,0.1023099422454834,0.012296489447944509,0.09001345279753889,-0.022454148114242747,-0.13898690948528358
M22.1-D1-L0,0,blocks.0.hook_resid_post,D1,1.0,c-completion-09,completion,evaluation,-0.09153273323537325,0.013554812723529784,0.02711375554402669,-0.09153273323537325,-0.023849590602281992,prediction = g,-2.5410027503967285,-2.631516933441162,-0.0905141830444336,0.11762793858846028,0.00101855019093966,0.11660938839752062,0.05096334614630868,0.013558942820496897
M22.1-D1-L8,8,blocks.8.hook_resid_post,D1,1.0,c-completion-09,completion,evaluation,-0.04797560615280559,0.006532064235159495,0.02379457155863444,-0.04797560615280559,0.0435678271115488,prediction = g,-2.5410027503967285,-2.5892748832702637,-0.048272132873535156,0.0720667044321696,0.00029652672072956465,0.07177017771144004,-0.019773255552914357,0.01726250732347495
M22.1-D1-L15,15,blocks.15.hook_resid_post,D1,1.0,c-completion-09,completion,evaluation,-0.060138595127538635,0.027623118132396204,-0.0065801143646240234,-0.060138595127538635,-0.0949226966529155,prediction = g,-2.5410027503967285,-2.6009416580200195,-0.059938907623291016,0.05335879325866699,0.00019968750424761983,0.05315910575441937,0.018375004229042508,-0.03420323249702023
M22.1-D1-L0,0,blocks.0.hook_resid_post,D1,1.0,c-completion-12,completion,evaluation,0.03528927402867256,-0.031438185687677186,0.02711375554402669,0.03528927402867256,-0.14220564167454472,prediction = g,-2.7165560722351074,-2.6809310913085938,0.03562498092651367,0.00851122538248698,0.0003357068978411121,0.008175518484645868,-0.16931939721857142,-0.058551941231703875
M22.1-D1-L8,8,blocks.8.hook_resid_post,D1,1.0,c-completion-12,completion,evaluation,-0.03622755798683519,0.025891848927167463,0.02379457155863444,-0.03622755798683519,0.013436803799977474,prediction = g,-2.7165560722351074,-2.752103328704834,-0.03554725646972656,0.05934182802836101,0.000680301517108628,0.05866152651125238,0.010357767758656974,-0.002097277368533018
M22.1-D1-L15,15,blocks.15.hook_resid_post,D1,1.0,c-completion-12,completion,evaluation,-0.029034262478866767,0.09104645420419927,-0.0065801143646240234,-0.029034262478866767,0.08343333843291487,prediction = g,-2.7165560722351074,-2.7418079376220703,-0.02525186538696289,0.018671751022338867,0.0037823970919038767,0.01488935393043499,-0.09001345279753889,-0.09762656856882329
M22.1-D1-L0,0,blocks.0.hook_resid_post,D1,1.0,c-instruction-03,instruction,evaluation,-0.13446365734499874,0.06597394332276596,0.02711375554402669,-0.13446365734499874,-0.014201008506472323,prediction = g,0.6125383377075195,0.4929542541503906,-0.1195840835571289,0.1466978391011556,0.014879573787869832,0.13181826531328578,0.041314764050499025,-0.03886018777873926
M22.1-D1-L8,8,blocks.8.hook_resid_post,D1,1.0,c-instruction-03,instruction,evaluation,0.06143354111515219,-0.11279273801639254,0.02379457155863444,0.06143354111515219,-0.07355162025421233,prediction = g,0.6125383377075195,0.6725378036499023,0.05999946594238281,0.03620489438374837,0.0014340751727693751,0.03477081921097899,-0.09734619181284677,-0.13658730957502702
M22.1-D1-L15,15,blocks.15.hook_resid_post,D1,1.0,c-instruction-03,instruction,evaluation,-0.11902471693957466,0.06371563371265802,-0.0065801143646240234,-0.11902471693957466,0.0435010244545696,prediction = g,0.6125383377075195,0.4964313507080078,-0.11610698699951172,0.1095268726348877,0.002917729940062938,0.10660914269482476,-0.05008113881919363,-0.07029574807728206
M22.1-D1-L0,0,blocks.0.hook_resid_post,D1,1.0,c-instruction-06,instruction,evaluation,-0.14220564167454472,-0.0778834246104425,0.02711375554402669,-0.14220564167454472,0.05085721614640812,prediction = g,1.115178108215332,0.9557161331176758,-0.15946197509765625,0.18657573064168295,0.01725633342311153,0.16931939721857142,-0.023743460602381417,0.1049971801544692
M22.1-D1-L8,8,blocks.8.hook_resid_post,D1,1.0,c-instruction-06,instruction,evaluation,-0.059755773682124924,0.0029281134992721024,0.02379457155863444,-0.059755773682124924,-0.1007898776349111,prediction = g,1.115178108215332,1.0561256408691406,-0.059052467346191406,0.08284703890482585,0.0007033063359335179,0.08214373256889233,0.04110962861610616,0.02086645805936234
M22.1-D1-L15,15,blocks.15.hook_resid_post,D1,1.0,c-instruction-06,instruction,evaluation,-0.16201198845761372,0.1446823952663605,-0.0065801143646240234,-0.16201198845761372,-0.11902471693957466,prediction = g,1.115178108215332,0.9527149200439453,-0.16246318817138672,0.1558830738067627,0.0004511997137729984,0.1554318740929897,0.11244460257495063,-0.15126250963098453
M22.1-D1-L0,0,blocks.0.hook_resid_post,D1,1.0,c-instruction-09,instruction,evaluation,0.05085721614640812,0.056428860141977545,0.02711375554402669,0.05085721614640812,0.05349364862261689,prediction = g,0.16349029541015625,0.21446990966796875,0.0509796142578125,0.02386585871378581,0.0001223981114043815,0.023743460602381427,0.021351824348981415,0.018416612829620763
M22.1-D1-L8,8,blocks.8.hook_resid_post,D1,1.0,c-instruction-09,instruction,evaluation,0.0435678271115488,0.07396670628585386,0.02379457155863444,0.0435678271115488,-0.012803054232817017,prediction = g,0.16349029541015625,0.20504474639892578,0.04155445098876953,0.01775987943013509,0.00201337612277927,0.01574650330735582,-0.036597625791451455,-0.01465237586694924
M22.1-D1-L15,15,blocks.15.hook_resid_post,D1,1.0,c-instruction-09,instruction,evaluation,0.02204024723902244,0.13291751029229343,-0.0065801143646240234,0.02204024723902244,0.015341772655202986,prediction = g,0.16349029541015625,0.1833953857421875,0.01990509033203125,0.026485204696655273,0.0021351569069911897,0.024350047789664084,0.02192188701982701,-0.0865272152636069
M22.1-D1-L0,0,blocks.0.hook_resid_post,D1,1.0,c-instruction-12,instruction,evaluation,-0.1667796869525893,0.12313424262804017,0.02711375554402669,-0.1667796869525893,-0.007000670717161759,prediction = g,-0.2799978256225586,-0.41289710998535156,-0.13289928436279297,0.16001303990681967,0.03388040258979633,0.12613263731702334,0.03411442626118846,-0.09602048708401348
M22.1-D1-L8,8,blocks.8.hook_resid_post,D1,1.0,c-instruction-12,instruction,evaluation,0.10036737700358163,-0.011724294523717316,0.02379457155863444,0.10036737700358163,-0.03622755798683519,prediction = g,-0.2799978256225586,-0.17615413665771484,0.10384368896484375,0.0800491174062093,0.0034763119612621213,0.07657280544494718,-0.060022129545469635,-0.03551886608235176
M22.1-D1-L15,15,blocks.15.hook_resid_post,D1,1.0,c-instruction-12,instruction,evaluation,-0.06260469313302365,-0.0009040531580819244,-0.0065801143646240234,-0.06260469313302365,0.02204024723902244,prediction = g,-0.2799978256225586,-0.3420829772949219,-0.06208515167236328,0.05550503730773926,0.0005195414606603693,0.05498549584707889,-0.028620361603646463,-0.005676061206542099
M22.1-D1-L0,0,blocks.0.hook_resid_post,D1,1.0,c-syntax-03,syntax,evaluation,-0.023849590602281992,-0.01983056546890863,0.02711375554402669,-0.023849590602281992,-0.054673239241312205,prediction = g,-2.3539772033691406,-2.391690254211426,-0.037713050842285156,0.06482680638631184,0.013863460240003164,0.05096334614630868,0.047866617987284796,0.04694432101293532
M22.1-D1-L8,8,blocks.8.hook_resid_post,D1,1.0,c-syntax-03,syntax,evaluation,-0.07355162025421233,-0.01432027681645982,0.02379457155863444,-0.07355162025421233,-0.04797560615280559,prediction = g,-2.3539772033691406,-2.43050479888916,-0.07652759552001953,0.10032216707865398,0.0029759752658072014,0.09734619181284677,0.07177017771144004,0.03811484837509427
M22.1-D1-L15,15,blocks.15.hook_resid_post,D1,1.0,c-syntax-03,syntax,evaluation,-0.015025495372797442,-0.013155961570008694,-0.0065801143646240234,-0.015025495372797442,-0.015025495372797442,prediction = g,-2.3539772033691406,-2.3684253692626953,-0.014448165893554688,0.007868051528930664,0.0005773294792427545,0.0072907220496879095,0.0072907220496879095,0.00657584720538467
M22.1-D1-L0,0,blocks.0.hook_resid_post,D1,1.0,c-syntax-06,syntax,evaluation,-0.007000670717161759,0.0038498655959284464,0.02711375554402669,-0.007000670717161759,0.001169076072398391,prediction = g,-3.237839698791504,-3.23342227935791,0.00441741943359375,0.02269633611043294,0.01141809015075551,0.011278245959677432,0.019447992749237582,0.022128782272767638
M22.1-D1-L8,8,blocks.8.hook_resid_post,D1,1.0,c-syntax-06,syntax,evaluation,-0.00213303540807978,-0.005423804513159072,0.02379457155863444,-0.00213303540807978,-0.059755773682124924,prediction = g,-3.237839698791504,-3.2370786666870117,0.0007610321044921875,0.023033539454142254,0.0028940675125719677,0.020139471941570286,-0.037483266332474854,0.016848702836490995
M22.1-D1-L15,15,blocks.15.hook_resid_post,D1,1.0,c-syntax-06,syntax,evaluation,-0.00459526821485521,-0.030959043808219688,-0.0065801143646240234,-0.00459526821485521,-0.00459526821485521,prediction = g,-3.237839698791504,-3.2408628463745117,-0.0030231475830078125,0.003556966781616211,0.001572120631847397,0.001984846149768814,0.001984846149768814,-0.024378929443595664
M22.1-D1-L0,0,blocks.0.hook_resid_post,D1,1.0,c-syntax-09,syntax,evaluation,-0.054673239241312205,0.0018965814015475674,0.02711375554402669,-0.054673239241312205,-0.1667796869525893,prediction = g,-4.790987014770508,-4.840606689453125,-0.04961967468261719,0.07673343022664388,0.005053564558695017,0.07167986566794886,-0.04042658204332823,0.02521717414247912
M22.1-D1-L8,8,blocks.8.hook_resid_post,D1,1.0,c-syntax-09,syntax,evaluation,0.013436803799977474,-0.060703952323555625,0.02379457155863444,0.013436803799977474,0.10036737700358163,prediction = g,-4.790987014770508,-4.766940116882324,0.024046897888183594,0.0002523263295491525,0.01061009408820612,-0.010357767758656967,-0.07606815278584889,-0.08449852388219008
M22.1-D1-L15,15,blocks.15.hook_resid_post,D1,1.0,c-syntax-09,syntax,evaluation,0.0435010244545696,0.03897482230859145,-0.0065801143646240234,0.0435010244545696,-0.060138595127538635,prediction = g,-4.790987014770508,-4.744400978088379,0.046586036682128906,0.05316615104675293,0.003085012227559303,0.05008113881919363,-0.05355848076291461,0.045554936673215474
M22.1-D1-L0,0,blocks.0.hook_resid_post,D1,1.0,c-syntax-12,syntax,evaluation,-0.014201008506472323,-0.02623283891842791,0.02711375554402669,-0.014201008506472323,-0.09153273323537325,prediction = g,-2.493368625640869,-2.511314868927002,-0.017946243286132812,0.0450599988301595,0.003745234779660489,0.04131476405049901,-0.02852649111908094,0.0367734031978644
M22.1-D1-L8,8,blocks.8.hook_resid_post,D1,1.0,c-syntax-12,syntax,evaluation,0.06661369679782703,0.03936254128811599,0.02379457155863444,0.06661369679782703,-0.00213303540807978,prediction = g,-2.493368625640869,-2.4243264198303223,0.06904220581054688,0.04524763425191243,0.0024285090127198483,0.04281912523919258,-0.02592760696671423,0.015567969729481546
M22.1-D1-L15,15,blocks.15.hook_resid_post,D1,1.0,c-syntax-12,syntax,evaluation,0.015341772655202986,0.027635266394582914,-0.0065801143646240234,0.015341772655202986,-0.16201198845761372,prediction = g,-2.493368625640869,-2.4796018600463867,0.013766765594482422,0.020346879959106445,0.0015750070607205638,0.01877187289838588,-0.1554318740929897,0.006478379159005954
