condition,mechanism_id,step,prompt_id,predicted_value,observed_value,residual,status_before,status_after,version_before,version_after,inflation_before,inflation_after,residual_sd,reason,in_mechanism_scope,calibration_reuse,sign_mismatch,outside_interval,critical,held_out,catalog_sha256,scope_decision,synthetic
consistent,M22.1-D1-L0,1,c-completion-03,0.001169076072398391,0.03576087951660156,0.03459180344420317,SUPPORTED,SUPPORTED,1,2,1.0,1.0,0.02029281160603693,CONSISTENT_IN_SCOPE,True,False,False,False,False,True,ca3fcf652a7f5cd395fc1f0dea718742f7522b7f298671bb8005dccce8370d78,IN_SUPPORTED_CATALOG,False
consistent,M22.1-D1-L0,2,c-completion-06,0.05349364862261689,0.042418479919433594,-0.0110751687031833,SUPPORTED,SUPPORTED,2,3,1.0,1.0,0.02029281160603693,CONSISTENT_IN_SCOPE,True,False,False,False,False,True,ca3fcf652a7f5cd395fc1f0dea718742f7522b7f298671bb8005dccce8370d78,IN_SUPPORTED_CATALOG,False
consistent,M22.1-D1-L0,3,c-completion-09,-0.09153273323537325,-0.0905141830444336,0.00101855019093966,SUPPORTED,SUPPORTED,3,4,1.0,1.0,0.02029281160603693,CONSISTENT_IN_SCOPE,True,False,False,False,False,True,ca3fcf652a7f5cd395fc1f0dea718742f7522b7f298671bb8005dccce8370d78,IN_SUPPORTED_CATALOG,False
consistent,M22.1-D1-L0,4,c-completion-12,0.03528927402867256,0.03562498092651367,0.0003357068978411121,SUPPORTED,SUPPORTED,4,5,1.0,1.0,0.02029281160603693,CONSISTENT_IN_SCOPE,True,False,False,False,False,True,ca3fcf652a7f5cd395fc1f0dea718742f7522b7f298671bb8005dccce8370d78,IN_SUPPORTED_CATALOG,False
consistent,M22.1-D1-L0,5,c-instruction-03,-0.13446365734499874,-0.1195840835571289,0.014879573787869832,SUPPORTED,SUPPORTED,5,6,1.0,1.0,0.02029281160603693,CONSISTENT_IN_SCOPE,True,False,False,False,False,True,ca3fcf652a7f5cd395fc1f0dea718742f7522b7f298671bb8005dccce8370d78,IN_SUPPORTED_CATALOG,False
consistent,M22.1-D1-L0,6,c-instruction-06,-0.14220564167454472,-0.15946197509765625,-0.01725633342311153,SUPPORTED,SUPPORTED,6,7,1.0,1.0,0.02029281160603693,CONSISTENT_IN_SCOPE,True,False,False,False,False,True,ca3fcf652a7f5cd395fc1f0dea718742f7522b7f298671bb8005dccce8370d78,IN_SUPPORTED_CATALOG,False
consistent,M22.1-D1-L0,7,c-instruction-09,0.05085721614640812,0.0509796142578125,0.0001223981114043815,SUPPORTED,SUPPORTED,7,8,1.0,1.0,0.02029281160603693,CONSISTENT_IN_SCOPE,True,False,False,False,False,True,ca3fcf652a7f5cd395fc1f0dea718742f7522b7f298671bb8005dccce8370d78,IN_SUPPORTED_CATALOG,False
consistent,M22.1-D1-L0,8,c-instruction-12,-0.1667796869525893,-0.13289928436279297,0.03388040258979633,SUPPORTED,SUPPORTED,8,9,1.0,1.0,0.02029281160603693,CONSISTENT_IN_SCOPE,True,False,False,False,False,True,ca3fcf652a7f5cd395fc1f0dea718742f7522b7f298671bb8005dccce8370d78,IN_SUPPORTED_CATALOG,False
consistent,M22.1-D1-L0,9,c-syntax-03,-0.023849590602281992,-0.037713050842285156,-0.013863460240003164,SUPPORTED,SUPPORTED,9,10,1.0,1.0,0.02029281160603693,CONSISTENT_IN_SCOPE,True,False,False,False,False,True,ca3fcf652a7f5cd395fc1f0dea718742f7522b7f298671bb8005dccce8370d78,IN_SUPPORTED_CATALOG,False
consistent,M22.1-D1-L0,10,c-syntax-06,-0.007000670717161759,0.00441741943359375,0.01141809015075551,SUPPORTED,CONTRADICTED,10,11,1.0,1.0,0.02029281160603693,EVIDENCE_OUTSIDE_OR_SIGN,True,False,True,False,False,True,ca3fcf652a7f5cd395fc1f0dea718742f7522b7f298671bb8005dccce8370d78,IN_SUPPORTED_CATALOG,False
consistent,M22.1-D1-L0,11,c-syntax-09,-0.054673239241312205,-0.04961967468261719,0.005053564558695017,CONTRADICTED,CONTRADICTED,11,12,1.0,1.0,0.02029281160603693,STICKY_CONTRADICTION,True,False,False,False,False,True,ca3fcf652a7f5cd395fc1f0dea718742f7522b7f298671bb8005dccce8370d78,IN_SUPPORTED_CATALOG,False
consistent,M22.1-D1-L0,12,c-syntax-12,-0.014201008506472323,-0.017946243286132812,-0.003745234779660489,CONTRADICTED,CONTRADICTED,12,13,1.0,1.0,0.02029281160603693,STICKY_CONTRADICTION,True,False,False,False,False,True,ca3fcf652a7f5cd395fc1f0dea718742f7522b7f298671bb8005dccce8370d78,IN_SUPPORTED_CATALOG,False
contradictory,M22.1-D1-L0,1,synthetic-contradiction,0.25,0.1899332776461307,-0.06006672235386931,SUPPORTED,CONTRADICTED,1,2,1.0,2.0,0.02029281160603693,CONFIDENT_CONTRADICTION,True,False,False,True,True,True,ca3fcf652a7f5cd395fc1f0dea718742f7522b7f298671bb8005dccce8370d78,IN_SUPPORTED_CATALOG,True
unsupported_catalog,M22.1-D1-L0,1,synthetic-unsupported-catalog,0.25,0.25,0.0,SUPPORTED,UNCERTAIN,1,2,1.0,1.0,0.02029281160603693,UNSUPPORTED_CATALOG,True,False,False,False,False,True,0000000000000000000000000000000000000000000000000000000000000000,MECHANISM_IN_SCOPE_CATALOG_UNSUPPORTED,True
consistent,M22.1-D1-L8,1,c-completion-03,-0.1007898776349111,-0.10576057434082031,-0.004970696705909217,SUPPORTED,SUPPORTED,1,2,1.0,1.0,0.009377970182012517,CONSISTENT_IN_SCOPE,True,False,False,False,False,True,ca3fcf652a7f5cd395fc1f0dea718742f7522b7f298671bb8005dccce8370d78,IN_SUPPORTED_CATALOG,False
consistent,M22.1-D1-L8,2,c-completion-06,-0.012803054232817017,-0.015224456787109375,-0.002421402554292358,SUPPORTED,SUPPORTED,2,3,1.0,1.0,0.009377970182012517,CONSISTENT_IN_SCOPE,True,False,False,False,False,True,ca3fcf652a7f5cd395fc1f0dea718742f7522b7f298671bb8005dccce8370d78,IN_SUPPORTED_CATALOG,False
consistent,M22.1-D1-L8,3,c-completion-09,-0.04797560615280559,-0.048272132873535156,-0.00029652672072956465,SUPPORTED,SUPPORTED,3,4,1.0,1.0,0.009377970182012517,CONSISTENT_IN_SCOPE,True,False,False,False,False,True,ca3fcf652a7f5cd395fc1f0dea718742f7522b7f298671bb8005dccce8370d78,IN_SUPPORTED_CATALOG,False
consistent,M22.1-D1-L8,4,c-completion-12,-0.03622755798683519,-0.03554725646972656,0.000680301517108628,SUPPORTED,SUPPORTED,4,5,1.0,1.0,0.009377970182012517,CONSISTENT_IN_SCOPE,True,False,False,False,False,True,ca3fcf652a7f5cd395fc1f0dea718742f7522b7f298671bb8005dccce8370d78,IN_SUPPORTED_CATALOG,False
consistent,M22.1-D1-L8,5,c-instruction-03,0.06143354111515219,0.05999946594238281,-0.0014340751727693751,SUPPORTED,SUPPORTED,5,6,1.0,1.0,0.009377970182012517,CONSISTENT_IN_SCOPE,True,False,False,False,False,True,ca3fcf652a7f5cd395fc1f0dea718742f7522b7f298671bb8005dccce8370d78,IN_SUPPORTED_CATALOG,False
consistent,M22.1-D1-L8,6,c-instruction-06,-0.059755773682124924,-0.059052467346191406,0.0007033063359335179,SUPPORTED,SUPPORTED,6,7,1.0,1.0,0.009377970182012517,CONSISTENT_IN_SCOPE,True,False,False,False,False,True,ca3fcf652a7f5cd395fc1f0dea718742f7522b7f298671bb8005dccce8370d78,IN_SUPPORTED_CATALOG,False
consistent,M22.1-D1-L8,7,c-instruction-09,0.0435678271115488,0.04155445098876953,-0.00201337612277927,SUPPORTED,SUPPORTED,7,8,1.0,1.0,0.009377970182012517,CONSISTENT_IN_SCOPE,True,False,False,False,False,True,ca3fcf652a7f5cd395fc1f0dea718742f7522b7f298671bb8005dccce8370d78,IN_SUPPORTED_CATALOG,False
consistent,M22.1-D1-L8,8,c-instruction-12,0.10036737700358163,0.10384368896484375,0.0034763119612621213,SUPPORTED,SUPPORTED,8,9,1.0,1.0,0.009377970182012517,CONSISTENT_IN_SCOPE,True,False,False,False,False,True,ca3fcf652a7f5cd395fc1f0dea718742f7522b7f298671bb8005dccce8370d78,IN_SUPPORTED_CATALOG,False
consistent,M22.1-D1-L8,9,c-syntax-03,-0.07355162025421233,-0.07652759552001953,-0.0029759752658072014,SUPPORTED,SUPPORTED,9,10,1.0,1.0,0.009377970182012517,CONSISTENT_IN_SCOPE,True,False,False,False,False,True,ca3fcf652a7f5cd395fc1f0dea718742f7522b7f298671bb8005dccce8370d78,IN_SUPPORTED_CATALOG,False
consistent,M22.1-D1-L8,10,c-syntax-06,-0.00213303540807978,0.0007610321044921875,0.0028940675125719677,SUPPORTED,CONTRADICTED,10,11,1.0,1.0,0.009377970182012517,EVIDENCE_OUTSIDE_OR_SIGN,True,False,True,False,False,True,ca3fcf652a7f5cd395fc1f0dea718742f7522b7f298671bb8005dccce8370d78,IN_SUPPORTED_CATALOG,False
consistent,M22.1-D1-L8,11,c-syntax-09,0.013436803799977474,0.024046897888183594,0.01061009408820612,CONTRADICTED,CONTRADICTED,11,12,1.0,1.0,0.009377970182012517,STICKY_CONTRADICTION,True,False,False,False,False,True,ca3fcf652a7f5cd395fc1f0dea718742f7522b7f298671bb8005dccce8370d78,IN_SUPPORTED_CATALOG,False
consistent,M22.1-D1-L8,12,c-syntax-12,0.06661369679782703,0.06904220581054688,0.0024285090127198483,CONTRADICTED,CONTRADICTED,12,13,1.0,1.0,0.009377970182012517,STICKY_CONTRADICTION,True,False,False,False,False,True,ca3fcf652a7f5cd395fc1f0dea718742f7522b7f298671bb8005dccce8370d78,IN_SUPPORTED_CATALOG,False
contradictory,M22.1-D1-L8,1,synthetic-contradiction,0.25,0.22224120826124294,-0.02775879173875706,SUPPORTED,CONTRADICTED,1,2,1.0,2.0,0.009377970182012517,CONFIDENT_CONTRADICTION,True,False,False,True,True,True,ca3fcf652a7f5cd395fc1f0dea718742f7522b7f298671bb8005dccce8370d78,IN_SUPPORTED_CATALOG,True
unsupported_catalog,M22.1-D1-L8,1,synthetic-unsupported-catalog,0.25,0.25,0.0,SUPPORTED,UNCERTAIN,1,2,1.0,1.0,0.009377970182012517,UNSUPPORTED_CATALOG,True,False,False,False,False,True,0000000000000000000000000000000000000000000000000000000000000000,MECHANISM_IN_SCOPE_CATALOG_UNSUPPORTED,True
consistent,M22.1-D1-L15,1,c-completion-03,-0.0949226966529155,-0.09554481506347656,-0.0006221184105610622,SUPPORTED,SUPPORTED,1,2,1.0,1.0,0.004044481362351381,CONSISTENT_IN_SCOPE,True,False,False,False,False,True,ca3fcf652a7f5cd395fc1f0dea718742f7522b7f298671bb8005dccce8370d78,IN_SUPPORTED_CATALOG,False
consistent,M22.1-D1-L15,2,c-completion-06,0.08343333843291487,0.09572982788085938,0.012296489447944509,SUPPORTED,CONTRADICTED,2,3,1.0,2.0,0.004044481362351381,CONFIDENT_CONTRADICTION,True,False,False,True,True,True,ca3fcf652a7f5cd395fc1f0dea718742f7522b7f298671bb8005dccce8370d78,IN_SUPPORTED_CATALOG,False
consistent,M22.1-D1-L15,3,c-completion-09,-0.060138595127538635,-0.059938907623291016,0.00019968750424761983,CONTRADICTED,CONTRADICTED,3,4,2.0,2.0,0.004044481362351381,STICKY_CONTRADICTION,True,False,False,False,False,True,ca3fcf652a7f5cd395fc1f0dea718742f7522b7f298671bb8005dccce8370d78,IN_SUPPORTED_CATALOG,False
consistent,M22.1-D1-L15,4,c-completion-12,-0.029034262478866767,-0.02525186538696289,0.0037823970919038767,CONTRADICTED,CONTRADICTED,4,5,2.0,2.0,0.004044481362351381,STICKY_CONTRADICTION,True,False,False,False,False,True,ca3fcf652a7f5cd395fc1f0dea718742f7522b7f298671bb8005dccce8370d78,IN_SUPPORTED_CATALOG,False
consistent,M22.1-D1-L15,5,c-instruction-03,-0.11902471693957466,-0.11610698699951172,0.002917729940062938,CONTRADICTED,CONTRADICTED,5,6,2.0,2.0,0.004044481362351381,STICKY_CONTRADICTION,True,False,False,False,False,True,ca3fcf652a7f5cd395fc1f0dea718742f7522b7f298671bb8005dccce8370d78,IN_SUPPORTED_CATALOG,False
consistent,M22.1-D1-L15,6,c-instruction-06,-0.16201198845761372,-0.16246318817138672,-0.0004511997137729984,CONTRADICTED,CONTRADICTED,6,7,2.0,2.0,0.004044481362351381,STICKY_CONTRADICTION,True,False,False,False,False,True,ca3fcf652a7f5cd395fc1f0dea718742f7522b7f298671bb8005dccce8370d78,IN_SUPPORTED_CATALOG,False
consistent,M22.1-D1-L15,7,c-instruction-09,0.02204024723902244,0.01990509033203125,-0.0021351569069911897,CONTRADICTED,CONTRADICTED,7,8,2.0,2.0,0.004044481362351381,STICKY_CONTRADICTION,True,False,False,False,False,True,ca3fcf652a7f5cd395fc1f0dea718742f7522b7f298671bb8005dccce8370d78,IN_SUPPORTED_CATALOG,False
consistent,M22.1-D1-L15,8,c-instruction-12,-0.06260469313302365,-0.06208515167236328,0.0005195414606603693,CONTRADICTED,CONTRADICTED,8,9,2.0,2.0,0.004044481362351381,STICKY_CONTRADICTION,True,False,False,False,False,True,ca3fcf652a7f5cd395fc1f0dea718742f7522b7f298671bb8005dccce8370d78,IN_SUPPORTED_CATALOG,False
consistent,M22.1-D1-L15,9,c-syntax-03,-0.015025495372797442,-0.014448165893554688,0.0005773294792427545,CONTRADICTED,CONTRADICTED,9,10,2.0,2.0,0.004044481362351381,STICKY_CONTRADICTION,True,False,False,False,False,True,ca3fcf652a7f5cd395fc1f0dea718742f7522b7f298671bb8005dccce8370d78,IN_SUPPORTED_CATALOG,False
consistent,M22.1-D1-L15,10,c-syntax-06,-0.00459526821485521,-0.0030231475830078125,0.001572120631847397,CONTRADICTED,CONTRADICTED,10,11,2.0,2.0,0.004044481362351381,STICKY_CONTRADICTION,True,False,False,False,False,True,ca3fcf652a7f5cd395fc1f0dea718742f7522b7f298671bb8005dccce8370d78,IN_SUPPORTED_CATALOG,False
consistent,M22.1-D1-L15,11,c-syntax-09,0.0435010244545696,0.046586036682128906,0.003085012227559303,CONTRADICTED,CONTRADICTED,11,12,2.0,2.0,0.004044481362351381,STICKY_CONTRADICTION,True,False,False,False,False,True,ca3fcf652a7f5cd395fc1f0dea718742f7522b7f298671bb8005dccce8370d78,IN_SUPPORTED_CATALOG,False
consistent,M22.1-D1-L15,12,c-syntax-12,0.015341772655202986,0.013766765594482422,-0.0015750070607205638,CONTRADICTED,CONTRADICTED,12,13,2.0,2.0,0.004044481362351381,STICKY_CONTRADICTION,True,False,False,False,False,True,ca3fcf652a7f5cd395fc1f0dea718742f7522b7f298671bb8005dccce8370d78,IN_SUPPORTED_CATALOG,False
contradictory,M22.1-D1-L15,1,synthetic-contradiction,0.25,0.2380283351674399,-0.011971664832560097,SUPPORTED,CONTRADICTED,1,2,1.0,2.0,0.004044481362351381,CONFIDENT_CONTRADICTION,True,False,False,True,True,True,ca3fcf652a7f5cd395fc1f0dea718742f7522b7f298671bb8005dccce8370d78,IN_SUPPORTED_CATALOG,True
unsupported_catalog,M22.1-D1-L15,1,synthetic-unsupported-catalog,0.25,0.25,0.0,SUPPORTED,UNCERTAIN,1,2,1.0,1.0,0.004044481362351381,UNSUPPORTED_CATALOG,True,False,False,False,False,True,0000000000000000000000000000000000000000000000000000000000000000,MECHANISM_IN_SCOPE_CATALOG_UNSUPPORTED,True
