intervention_id,layer,hook,prompt_id,family,partition,g,prediction_before,prediction_after,prediction_global,prediction_shuffled,baseline_prediction,delta_cell,delta_global,delta_shuffled,tau,sigma,n_update,baseline_output,intervened_output,observed_effect,residual,abs_error_g,abs_error_cell,abs_error_global,abs_error_shuffled,abs_error_baseline,paired_vs_g,paired_vs_global,paired_shuffled,predictive_scale,covered,response_rule
M22.1-D1-L0,0,blocks.0.hook_resid_post,u-completion-01,completion,update,-0.025050985605588508,-0.025050985605588508,-0.038875824473098605,-0.028338728808274892,-0.025841360928415023,0.02711375554402669,-0.013824838867510096,-0.0032877432026863825,-0.0007903753228265151,0.0056282132899151465,0.02029281160603693,12,-6.680876731872559,-6.696878433227539,-0.01600170135498047,0.009049284250608039,0.009049284250608039,0.022874123118118136,0.012337027453294423,0.009839659573434554,0.04311545689900716,-0.013824838867510097,-0.010537095664823713,-0.0007903753228265149,0.021058845830550274,True,prediction = g
M22.1-D1-L8,8,blocks.8.hook_resid_post,u-completion-01,completion,update,-0.06024447350572542,-0.06024447350572542,-0.0570989199184452,-0.0635322167084118,-0.06114077952292548,0.02379457155863444,0.0031455535872802207,-0.0032877432026863825,-0.0008963060172000625,0.0026009809500783456,0.009377970182012517,12,-6.680876731872559,-6.725010871887207,-0.04413414001464844,0.016110333491076982,0.016110333491076982,0.012964779903796762,0.019398076693763366,0.017006639508277042,0.06792871157328288,0.00314555358728022,0.006433296789966604,-0.0008963060172000603,0.009731979584718945,True,prediction = g
M22.1-D1-L15,15,blocks.15.hook_resid_post,u-completion-01,completion,update,-0.026294043221014623,-0.026294043221014623,-0.02497218090227676,-0.029581786423701004,-0.033964784842480056,-0.0065801143646240234,0.0013218623187378634,-0.0032877432026863825,-0.007670741621465434,0.0011217373026627966,0.004044481362351381,12,-6.680876731872559,-6.701386451721191,-0.020509719848632812,0.00578432337238181,0.00578432337238181,0.004462461053643948,0.009072066575068191,0.013455064993847243,0.013929605484008789,0.0013218623187378625,0.004609605521424243,-0.007670741621465433,0.004197156664528128,True,prediction = g
M22.1-D1-L0,0,blocks.0.hook_resid_post,u-completion-03,completion,update,0.08079402538305291,0.08079402538305291,0.06696918651554282,0.07750628218036654,0.0800036500602264,0.02711375554402669,-0.013824838867510096,-0.0032877432026863825,-0.0007903753228265151,0.0056282132899151465,0.02029281160603693,12,-4.35699462890625,-4.284052848815918,0.07294178009033203,-0.007852245292720883,0.007852245292720883,0.0059725935747892145,0.004564502090034506,0.0070618699698943715,0.04582802454630534,0.0018796517179316685,-0.0014080914847547088,0.0007903753228265115,0.021058845830550274,True,prediction = g
M22.1-D1-L8,8,blocks.8.hook_resid_post,u-completion-03,completion,update,-0.034917597197029276,-0.034917597197029276,-0.03177204360974906,-0.03820534039971566,-0.03581390321422934,0.02379457155863444,0.0031455535872802207,-0.0032877432026863825,-0.0008963060172000625,0.0026009809500783456,0.009377970182012517,12,-4.35699462890625,-4.397149085998535,-0.040154457092285156,-0.00523685989525588,0.00523685989525588,0.0083824134825361,0.0019491166925694955,0.0043405538780558195,0.0639490286509196,-0.00314555358728022,-0.006433296789966604,0.0008963060172000603,0.009731979584718945,True,prediction = g
M22.1-D1-L15,15,blocks.15.hook_resid_post,u-completion-03,completion,update,-0.07479481377957788,-0.07479481377957788,-0.07347295146084001,-0.07808255698226425,-0.0824655554010433,-0.0065801143646240234,0.0013218623187378634,-0.0032877432026863825,-0.007670741621465434,0.0011217373026627966,0.004044481362351381,12,-4.35699462890625,-4.427053451538086,-0.07005882263183594,0.004735991147741939,0.004735991147741939,0.003414128829004076,0.008023734350428316,0.012406732769207368,0.06347870826721191,0.0013218623187378625,0.00460960552142424,-0.0076707416214654295,0.004197156664528128,True,prediction = g
M22.1-D1-L0,0,blocks.0.hook_resid_post,u-completion-05,completion,update,0.08329186524976619,0.08329186524976619,0.06946702638225609,0.08000412204707981,0.08250148992693968,0.02711375554402669,-0.013824838867510096,-0.0032877432026863825,-0.0007903753228265151,0.0056282132899151465,0.02029281160603693,12,-2.7466554641723633,-2.673874855041504,0.07278060913085938,-0.010511256118906812,0.010511256118906812,0.003313582748603286,0.007223512916220434,0.0097208807960803,0.04566685358683269,0.007197673370303526,0.003909930167617148,0.0007903753228265115,0.021058845830550274,True,prediction = g
M22.1-D1-L8,8,blocks.8.hook_resid_post,u-completion-05,completion,update,0.02485016531582986,0.02485016531582986,0.02799571890311008,0.02156242211314348,0.023953859298629795,0.02379457155863444,0.0031455535872802207,-0.0032877432026863825,-0.0008963060172000625,0.0026009809500783456,0.009377970182012517,12,-2.7466554641723633,-2.727611541748047,0.019043922424316406,-0.005806242891513453,0.005806242891513453,0.008951796478793673,0.002518499688827072,0.004909936874313389,0.004750649134318035,-0.00314555358728022,-0.006433296789966601,0.0008963060172000638,0.009731979584718945,True,prediction = g
M22.1-D1-L15,15,blocks.15.hook_resid_post,u-completion-05,completion,update,-0.07412647963958277,-0.07412647963958277,-0.07280461732084491,-0.07741422284226915,-0.0817972212610482,-0.0065801143646240234,0.0013218623187378634,-0.0032877432026863825,-0.007670741621465434,0.0011217373026627966,0.004044481362351381,12,-2.7466554641723633,-2.8204469680786133,-0.07379150390625,0.00033497573333277075,0.00033497573333277075,0.0009868865854050918,0.003622718936019148,0.0080057173547982,0.06721138954162598,-0.000651910852072321,0.0026358323506140563,-0.0076707416214654295,0.004197156664528128,True,prediction = g
M22.1-D1-L0,0,blocks.0.hook_resid_post,u-completion-07,completion,update,-0.03304302061206073,-0.03304302061206073,-0.046867859479570825,-0.03633076381474711,-0.033833395934887246,0.02711375554402669,-0.013824838867510096,-0.0032877432026863825,-0.0007903753228265151,0.0056282132899151465,0.02029281160603693,12,-2.9007911682128906,-2.963338851928711,-0.06254768371582031,-0.029504663103759585,0.029504663103759585,0.015679824236249487,0.0262169199010732,0.028714287780933066,0.089661439259847,0.013824838867510097,0.010537095664823713,0.0007903753228265184,0.021058845830550274,True,prediction = g
M22.1-D1-L8,8,blocks.8.hook_resid_post,u-completion-07,completion,update,-0.010656853970789304,-0.010656853970789304,-0.007511300383509083,-0.013944597173475686,-0.011553159987989366,0.02379457155863444,0.0031455535872802207,-0.0032877432026863825,-0.0008963060172000625,0.0026009809500783456,0.009377970182012517,12,-2.9007911682128906,-2.9168007373809814,-0.01600956916809082,-0.005352715197301516,0.005352715197301516,0.008498268784581736,0.002064971994615134,0.004456409180101454,0.039804140726725265,-0.00314555358728022,-0.006433296789966602,0.000896306017200062,0.009731979584718945,True,prediction = g
M22.1-D1-L15,15,blocks.15.hook_resid_post,u-completion-07,completion,update,-0.01983393957752872,-0.01983393957752872,-0.01851207725879086,-0.023121682780215105,-0.027504681198994154,-0.0065801143646240234,0.0013218623187378634,-0.0032877432026863825,-0.007670741621465434,0.0011217373026627966,0.004044481362351381,12,-2.9007911682128906,-2.9242842197418213,-0.023493051528930664,-0.003659111951401943,0.003659111951401943,0.0049809742701398055,0.0003713687487155587,0.00401162967006349,0.01691293716430664,-0.0013218623187378625,-0.004609605521424247,-0.00035251771866154705,0.004197156664528128,True,prediction = g
M22.1-D1-L0,0,blocks.0.hook_resid_post,u-instruction-01,instruction,update,0.17013174993247226,0.17013174993247226,0.15630691106496217,0.1668440067297859,0.16934137460964574,0.02711375554402669,-0.013824838867510096,-0.0032877432026863825,-0.0007903753228265151,0.0056282132899151465,0.02029281160603693,12,-0.09387683868408203,0.04887962341308594,0.14275646209716797,-0.027375287835304296,0.027375287835304296,0.013550448967794199,0.02408754463261792,0.02658491251247777,0.11564270655314128,0.013824838867510097,0.01053709566482372,0.0007903753228265253,0.021058845830550274,True,prediction = g
M22.1-D1-L8,8,blocks.8.hook_resid_post,u-instruction-01,instruction,update,0.04447635838784337,0.04447635838784337,0.04762191197512359,0.041188615185156985,0.04358005237064331,0.02379457155863444,0.0031455535872802207,-0.0032877432026863825,-0.0008963060172000625,0.0026009809500783456,0.009377970182012517,12,-0.09387683868408203,-0.04888916015625,0.04498767852783203,0.0005113201399886622,0.0005113201399886622,0.0026342334472915577,0.0037990633426750464,0.0014076261571887225,0.02119310696919759,-0.0021229133073028955,0.0011648298953834887,-0.0008963060172000603,0.009731979584718945,True,prediction = g
M22.1-D1-L15,15,blocks.15.hook_resid_post,u-instruction-01,instruction,update,-0.056921871349088056,-0.056921871349088056,-0.05560000903035019,-0.06020961455177444,-0.06459261297055349,-0.0065801143646240234,0.0013218623187378634,-0.0032877432026863825,-0.007670741621465434,0.0011217373026627966,0.004044481362351381,12,-0.09387683868408203,-0.15332317352294922,-0.05944633483886719,-0.0025244634897791315,0.0025244634897791315,0.003846325808516994,0.0007632797129072527,0.005146278131686305,0.052866220474243164,-0.0013218623187378625,-0.0030830460956097414,-0.0026218146419071733,0.004197156664528128,True,prediction = g
M22.1-D1-L0,0,blocks.0.hook_resid_post,u-instruction-03,instruction,update,-0.10180525040980298,-0.10180525040980298,-0.11563008927731308,-0.10509299361248936,-0.1025956257326295,0.02711375554402669,-0.013824838867510096,-0.0032877432026863825,-0.0007903753228265151,0.0056282132899151465,0.02029281160603693,12,1.2294340133666992,1.1114616394042969,-0.11797237396240234,-0.01616712355259936,0.01616712355259936,0.002342284685089263,0.012879380349912983,0.01537674822977285,0.14508612950642905,0.013824838867510097,0.01053709566482372,0.0007903753228265115,0.021058845830550274,True,prediction = g
M22.1-D1-L8,8,blocks.8.hook_resid_post,u-instruction-03,instruction,update,-0.009105517326648695,-0.009105517326648695,-0.005959963739368474,-0.012393260529335077,-0.010001823343848757,0.02379457155863444,0.0031455535872802207,-0.0032877432026863825,-0.0008963060172000625,0.0026009809500783456,0.009377970182012517,12,1.2294340133666992,1.209275245666504,-0.020158767700195312,-0.011053250373546618,0.011053250373546618,0.014198803960826838,0.007765507170860235,0.010156944356346556,0.04395333925882976,-0.00314555358728022,-0.006433296789966602,0.000896306017200062,0.009731979584718945,True,prediction = g
M22.1-D1-L15,15,blocks.15.hook_resid_post,u-instruction-03,instruction,update,-0.16257564268303734,-0.16257564268303734,-0.16125378036429946,-0.16586338588572372,-0.17024638430450278,-0.0065801143646240234,0.0013218623187378634,-0.0032877432026863825,-0.007670741621465434,0.0011217373026627966,0.004044481362351381,12,1.2294340133666992,1.0649642944335938,-0.16446971893310547,-0.0018940762500681274,0.0018940762500681274,0.003215938568806004,0.00139366695261825,0.005776665371397316,0.15788960456848145,-0.0013218623187378764,-0.001822271616187754,-0.0038825891213291885,0.004197156664528128,True,prediction = g
M22.1-D1-L0,0,blocks.0.hook_resid_post,u-instruction-05,instruction,update,0.12528601454908933,0.12528601454908933,0.11146117568157923,0.12199827134640295,0.12449563922626282,0.02711375554402669,-0.013824838867510096,-0.0032877432026863825,-0.0007903753228265151,0.0056282132899151465,0.02029281160603693,12,-0.9692239761352539,-0.8501081466674805,0.11911582946777344,-0.006170185081315893,0.006170185081315893,0.007654653786194204,0.002882441878629516,0.005379809758489382,0.09200207392374675,-0.0014844687048783112,-0.0047722119075646885,0.0007903753228265115,0.021058845830550274,True,prediction = g
M22.1-D1-L8,8,blocks.8.hook_resid_post,u-instruction-05,instruction,update,0.054246509592298,0.054246509592298,0.05739206317957822,0.050958766389611616,0.05335020357509794,0.02379457155863444,0.0031455535872802207,-0.0032877432026863825,-0.0008963060172000625,0.0026009809500783456,0.009377970182012517,12,-0.9692239761352539,-0.9104976654052734,0.05872631072998047,0.004479801137682468,0.004479801137682468,0.0013342475504022483,0.007767544340368852,0.0053761071548825284,0.034931739171346024,0.00314555358728022,0.006433296789966604,-0.0008963060172000603,0.009731979584718945,True,prediction = g
M22.1-D1-L15,15,blocks.15.hook_resid_post,u-instruction-05,instruction,update,0.04538870704162763,0.04538870704162763,0.046710569360365495,0.04210096383894125,0.037717965420162196,-0.0065801143646240234,0.0013218623187378634,-0.0032877432026863825,-0.007670741621465434,0.0011217373026627966,0.004044481362351381,12,-0.9692239761352539,-0.9222898483276367,0.04693412780761719,0.0015454207659895552,0.0015454207659895552,0.00022355844725169272,0.0048331639686759395,0.009216162387454992,0.05351424217224121,0.0013218623187378625,0.004609605521424247,-0.007670741621465436,0.004197156664528128,True,prediction = g
M22.1-D1-L0,0,blocks.0.hook_resid_post,u-instruction-07,instruction,update,0.1498369002542013,0.1498369002542013,0.1360120613866912,0.14654915705151492,0.14904652493137477,0.02711375554402669,-0.013824838867510096,-0.0032877432026863825,-0.0007903753228265151,0.0056282132899151465,0.02029281160603693,12,-2.1120033264160156,-2.0051803588867188,0.10682296752929688,-0.04301393272490442,0.04301393272490442,0.02918909385739432,0.03972618952221804,0.042223557402077894,0.07970921198527019,0.013824838867510097,0.01053709566482372,0.0007903753228265253,0.021058845830550274,True,prediction = g
M22.1-D1-L8,8,blocks.8.hook_resid_post,u-instruction-07,instruction,update,0.14196263096303935,0.14196263096303935,0.14510818455031957,0.13867488776035297,0.1410663249458393,0.02379457155863444,0.0031455535872802207,-0.0032877432026863825,-0.0008963060172000625,0.0026009809500783456,0.009377970182012517,12,-2.1120033264160156,-1.9364385604858398,0.17556476593017578,0.03360213496713643,0.03360213496713643,0.030456581379856212,0.03688987816982281,0.03449844098433649,0.15177019437154135,0.00314555358728022,0.006433296789966597,-0.0008963060172000603,0.009731979584718945,False,prediction = g
M22.1-D1-L15,15,blocks.15.hook_resid_post,u-instruction-07,instruction,update,0.008013516544577416,0.008013516544577416,0.009335378863315279,0.004725773341891034,0.00034277492311198237,-0.0065801143646240234,0.0013218623187378634,-0.0032877432026863825,-0.007670741621465434,0.0011217373026627966,0.004044481362351381,12,-2.1120033264160156,-2.0992650985717773,0.012738227844238281,0.004724711299660865,0.004724711299660865,0.0034028489809230025,0.008012454502347248,0.012395452921126298,0.019318342208862305,0.0013218623187378625,0.004609605521424245,-0.007670741621465433,0.004197156664528128,True,prediction = g
M22.1-D1-L0,0,blocks.0.hook_resid_post,u-syntax-01,syntax,update,0.06780121456615154,0.06780121456615154,0.05397637569864144,0.06451347136346516,0.06701083924332503,0.02711375554402669,-0.013824838867510096,-0.0032877432026863825,-0.0007903753228265151,0.0056282132899151465,0.02029281160603693,12,-2.5320377349853516,-2.4891624450683594,0.04287528991699219,-0.024925924649159353,0.024925924649159353,0.011101085781649256,0.021638181446472976,0.024135549326332842,0.015761534372965496,0.013824838867510097,0.01053709566482372,0.0007903753228265115,0.021058845830550274,True,prediction = g
M22.1-D1-L8,8,blocks.8.hook_resid_post,u-syntax-01,syntax,update,0.053538167147980924,0.053538167147980924,0.056683720735261144,0.05025042394529454,0.05264186113078086,0.02379457155863444,0.0031455535872802207,-0.0032877432026863825,-0.0008963060172000625,0.0026009809500783456,0.009377970182012517,12,-2.5320377349853516,-2.4762496948242188,0.05578804016113281,0.0022498730131518888,0.0022498730131518888,0.0008956805741283311,0.005537616215838273,0.003146179030351949,0.03199346860249837,0.0013541924390235577,0.004641935641709942,-0.0008963060172000603,0.009731979584718945,True,prediction = g
M22.1-D1-L15,15,blocks.15.hook_resid_post,u-syntax-01,syntax,update,-0.023843760367929397,-0.023843760367929397,-0.022521898049191535,-0.027131503570615778,-0.03151450198939483,-0.0065801143646240234,0.0013218623187378634,-0.0032877432026863825,-0.007670741621465434,0.0011217373026627966,0.004044481362351381,12,-2.5320377349853516,-2.5535125732421875,-0.021474838256835938,0.00236892211109346,0.00236892211109346,0.0010470597923555973,0.005656665313779841,0.010039663732558893,0.014894723892211914,0.0013218623187378625,0.004609605521424243,-0.007670741621465433,0.004197156664528128,True,prediction = g
M22.1-D1-L0,0,blocks.0.hook_resid_post,u-syntax-03,syntax,update,0.04429792719363601,0.04429792719363601,0.030473088326125913,0.04101018399094963,0.04350755187080949,0.02711375554402669,-0.013824838867510096,-0.0032877432026863825,-0.0007903753228265151,0.0056282132899151465,0.02029281160603693,12,-2.246976852416992,-2.2047691345214844,0.04220771789550781,-0.0020902092981281983,0.0020902092981281983,0.0117346295693819,0.001197533904558186,0.00129983397530168,0.015093962351481121,-0.0096444202712537,-0.010537095664823713,0.0007903753228265184,0.021058845830550274,True,prediction = g
M22.1-D1-L8,8,blocks.8.hook_resid_post,u-syntax-03,syntax,update,0.0452260777065431,0.0452260777065431,0.04837163129382332,0.041938334503856714,0.04432977168934304,0.02379457155863444,0.0031455535872802207,-0.0032877432026863825,-0.0008963060172000625,0.0026009809500783456,0.009377970182012517,12,-2.246976852416992,-2.1975669860839844,0.04940986633300781,0.004183788626464714,0.004183788626464714,0.0010382350391844944,0.0074715318291510985,0.0050800946436647745,0.02561529477437337,0.00314555358728022,0.006433296789966604,-0.0008963060172000603,0.009731979584718945,True,prediction = g
M22.1-D1-L15,15,blocks.15.hook_resid_post,u-syntax-03,syntax,update,0.0254567133170889,0.0254567133170889,0.02677857563582676,0.02216897011440252,0.017785971695623466,-0.0065801143646240234,0.0013218623187378634,-0.0032877432026863825,-0.007670741621465434,0.0011217373026627966,0.004044481362351381,12,-2.246976852416992,-2.2240819931030273,0.022894859313964844,-0.0025618540031240554,0.0025618540031240554,0.003883716321861918,0.0007258891995623254,0.0051088876183413776,0.029474973678588867,-0.0013218623187378625,-0.0031578271222995925,-0.002547033615217322,0.004197156664528128,True,prediction = g
M22.1-D1-L0,0,blocks.0.hook_resid_post,u-syntax-05,syntax,update,-0.07045886756918926,-0.07045886756918926,-0.08428370643669936,-0.07374661077187564,-0.07124924289201577,0.02711375554402669,-0.013824838867510096,-0.0032877432026863825,-0.0007903753228265151,0.0056282132899151465,0.02029281160603693,12,-5.988070487976074,-6.051429748535156,-0.06335926055908203,0.007099607010107228,0.007099607010107228,0.020924445877617326,0.010387350212793606,0.00788998233293374,0.09047301610310872,-0.013824838867510097,-0.01053709566482372,-0.0007903753228265115,0.021058845830550274,True,prediction = g
M22.1-D1-L8,8,blocks.8.hook_resid_post,u-syntax-05,syntax,update,0.08792546117759067,0.08792546117759067,0.0910710147648709,0.0846377179749043,0.08702915516039061,0.02379457155863444,0.0031455535872802207,-0.0032877432026863825,-0.0008963060172000625,0.0026009809500783456,0.009377970182012517,12,-5.988070487976074,-5.8973846435546875,0.09068584442138672,0.002760383243796044,0.002760383243796044,0.0003851703434841758,0.006048126446482421,0.0036566892609961044,0.06689127286275227,0.0023752129003118683,0.005662956102998246,-0.0008963060172000603,0.009731979584718945,True,prediction = g
M22.1-D1-L15,15,blocks.15.hook_resid_post,u-syntax-05,syntax,update,-0.00991599953828029,-0.00991599953828029,-0.008594137219542428,-0.013203742740966673,-0.017586741159745723,-0.0065801143646240234,0.0013218623187378634,-0.0032877432026863825,-0.007670741621465434,0.0011217373026627966,0.004044481362351381,12,-5.988070487976074,-5.99422550201416,-0.0061550140380859375,0.0037609855001943526,0.0037609855001943526,0.00243912318145649,0.007048728702880735,0.011431727121659786,0.00042510032653808594,0.0013218623187378625,0.004609605521424245,-0.007670741621465433,0.004197156664528128,True,prediction = g
M22.1-D1-L0,0,blocks.0.hook_resid_post,u-syntax-07,syntax,update,0.07593896265596177,0.07593896265596177,0.06211412378845167,0.07265121945327539,0.07514858733313526,0.02711375554402669,-0.013824838867510096,-0.0032877432026863825,-0.0007903753228265151,0.0056282132899151465,0.02029281160603693,12,-3.8065147399902344,-3.7588367462158203,0.04767799377441406,-0.028260968881547707,0.028260968881547707,0.01443613001403761,0.02497322567886133,0.027470593558721196,0.02056423823038737,0.013824838867510097,0.01053709566482372,0.0007903753228265115,0.021058845830550274,True,prediction = g
M22.1-D1-L8,8,blocks.8.hook_resid_post,u-syntax-07,syntax,update,0.05273295959285717,0.05273295959285717,0.05587851318013739,0.049445216390170785,0.05183665357565711,0.02379457155863444,0.0031455535872802207,-0.0032877432026863825,-0.0008963060172000625,0.0026009809500783456,0.009377970182012517,12,-3.8065147399902344,-3.749338150024414,0.05717658996582031,0.0044436303729631435,0.0044436303729631435,0.0012980767856829237,0.007731373575649528,0.005339936390163204,0.03338201840718587,0.00314555358728022,0.006433296789966604,-0.0008963060172000603,0.009731979584718945,True,prediction = g
M22.1-D1-L15,15,blocks.15.hook_resid_post,u-syntax-07,syntax,update,0.02968568818910896,0.02968568818910896,0.031007550507846822,0.026397944986422575,0.022014946567643526,-0.0065801143646240234,0.0013218623187378634,-0.0032877432026863825,-0.007670741621465434,0.0011217373026627966,0.004044481362351381,12,-3.8065147399902344,-3.7722606658935547,0.03425407409667969,0.004568385907570728,0.004568385907570728,0.0032465235888328656,0.007856129110257112,0.012239127529036161,0.04083418846130371,0.0013218623187378625,0.004609605521424247,-0.007670741621465433,0.004197156664528128,True,prediction = g
M22.1-D1-L0,0,blocks.0.hook_resid_post,u-completion-02,completion,holdout,0.050888214302736975,0.050888214302736975,0.03706337543522688,0.04760047110005059,0.05009783897991046,0.02711375554402669,-0.013824838867510096,-0.0032877432026863825,-0.0007903753228265151,0.0056282132899151465,0.02029281160603693,12,-2.9164934158325195,-2.857326030731201,0.05916738510131836,0.008279170798581384,0.008279170798581384,0.02210400966609148,0.011566914001267768,0.009069546121407902,0.03205362955729167,-0.013824838867510097,-0.010537095664823713,-0.0007903753228265184,0.021058845830550274,True,prediction = g
M22.1-D1-L8,8,blocks.8.hook_resid_post,u-completion-02,completion,holdout,-0.007091731689088367,-0.007091731689088367,-0.003946178101808146,-0.01037947489177475,-0.007988037706288429,0.02379457155863444,0.0031455535872802207,-0.0032877432026863825,-0.0008963060172000625,0.0026009809500783456,0.009377970182012517,12,-2.9164934158325195,-2.9191884994506836,-0.0026950836181640625,0.004396648070924304,0.004396648070924304,0.0012510944836440835,0.007684391273610687,0.005292954088124366,0.026489655176798504,0.0031455535872802207,0.006433296789966603,-0.000896306017200062,0.009731979584718945,True,prediction = g
M22.1-D1-L15,15,blocks.15.hook_resid_post,u-completion-02,completion,holdout,-0.03232469777734951,-0.03232469777734951,-0.031002835458611648,-0.035612440980035895,-0.03999543939881495,-0.0065801143646240234,0.0013218623187378634,-0.0032877432026863825,-0.007670741621465434,0.0011217373026627966,0.004044481362351381,12,-2.9164934158325195,-2.9457125663757324,-0.02921915054321289,0.00310554723413662,0.00310554723413662,0.0017836849153987575,0.006393290436823004,0.010776288855602056,0.022639036178588867,0.0013218623187378625,0.004609605521424247,-0.007670741621465436,0.004197156664528128,True,prediction = g
M22.1-D1-L0,0,blocks.0.hook_resid_post,u-completion-04,completion,holdout,0.05889091205979042,0.05889091205979042,0.04506607319228032,0.055603168857104035,0.0581005367369639,0.02711375554402669,-0.013824838867510096,-0.0032877432026863825,-0.0007903753228265151,0.0056282132899151465,0.02029281160603693,12,-7.719679355621338,-7.666733741760254,0.052945613861083984,-0.005945298198706435,0.005945298198706435,0.007879540668803663,0.0026575549960200506,0.0051549228758799165,0.025831858317057293,-0.0019342424700972277,-0.005221985672783612,0.0007903753228265184,0.021058845830550274,True,prediction = g
M22.1-D1-L8,8,blocks.8.hook_resid_post,u-completion-04,completion,holdout,0.02132016561361966,0.02132016561361966,0.02446571920089988,0.01803242241093328,0.020423859596419597,0.02379457155863444,0.0031455535872802207,-0.0032877432026863825,-0.0008963060172000625,0.0026009809500783456,0.009377970182012517,12,-7.719679355621338,-7.689814567565918,0.029864788055419922,0.008544622441800261,0.008544622441800261,0.0053990688545200415,0.011832365644486642,0.009440928459000325,0.006070216496785481,0.00314555358728022,0.006433296789966601,-0.0008963060172000638,0.009731979584718945,True,prediction = g
M22.1-D1-L15,15,blocks.15.hook_resid_post,u-completion-04,completion,holdout,0.025723662467045112,0.025723662467045112,0.027045524785782975,0.022435919264358728,0.01805292084557968,-0.0065801143646240234,0.0013218623187378634,-0.0032877432026863825,-0.007670741621465434,0.0011217373026627966,0.004044481362351381,12,-7.719679355621338,-7.685747146606445,0.03393220901489258,0.008208546547847466,0.008208546547847466,0.006886684229109603,0.01149628975053385,0.0158792881693129,0.0405123233795166,0.0013218623187378625,0.004609605521424247,-0.007670741621465433,0.004197156664528128,True,prediction = g
M22.1-D1-L0,0,blocks.0.hook_resid_post,u-completion-06,completion,holdout,0.07258869634945217,0.07258869634945217,0.05876385748194207,0.06930095314676579,0.07179832102662566,0.02711375554402669,-0.013824838867510096,-0.0032877432026863825,-0.0007903753228265151,0.0056282132899151465,0.02029281160603693,12,-4.055230140686035,-4.014740943908691,0.04048919677734375,-0.03209949957210842,0.03209949957210842,0.018274660704598322,0.028811756369422042,0.03130912424928191,0.013375441233317058,0.013824838867510097,0.01053709566482372,0.0007903753228265115,0.021058845830550274,True,prediction = g
M22.1-D1-L8,8,blocks.8.hook_resid_post,u-completion-06,completion,holdout,-0.006520078522543285,-0.006520078522543285,-0.0033745249352630643,-0.009807821725229668,-0.007416384539743347,0.02379457155863444,0.0031455535872802207,-0.0032877432026863825,-0.0008963060172000625,0.0026009809500783456,0.009377970182012517,12,-4.055230140686035,-4.076804161071777,-0.021574020385742188,-0.015053941863198902,0.015053941863198902,0.018199495450479122,0.01176619866051252,0.01415763584599884,0.04536859194437663,-0.00314555358728022,-0.006433296789966602,0.000896306017200062,0.009731979584718945,True,prediction = g
M22.1-D1-L15,15,blocks.15.hook_resid_post,u-completion-06,completion,holdout,0.10063089108083484,0.10063089108083484,0.1019527533995727,0.09734314787814846,0.09296014945936941,-0.0065801143646240234,0.0013218623187378634,-0.0032877432026863825,-0.007670741621465434,0.0011217373026627966,0.004044481362351381,12,-4.055230140686035,-3.9459123611450195,0.10931777954101562,0.008686888460180786,0.008686888460180786,0.0073650261414429236,0.011974631662867163,0.016357630081646216,0.11589789390563965,0.0013218623187378625,0.00460960552142424,-0.0076707416214654295,0.004197156664528128,True,prediction = g
M22.1-D1-L0,0,blocks.0.hook_resid_post,u-completion-08,completion,holdout,-0.034739628264983946,-0.034739628264983946,-0.048564467132494044,-0.03802737146767033,-0.035530003587810464,0.02711375554402669,-0.013824838867510096,-0.0032877432026863825,-0.0007903753228265151,0.0056282132899151465,0.02029281160603693,12,-5.6266069412231445,-5.67350959777832,-0.04690265655517578,-0.012163028290191835,0.012163028290191835,0.0016618105773182623,0.008875285087505451,0.011372652967365317,0.07401641209920247,0.010501217712873573,0.007213474510187189,0.0007903753228265184,0.021058845830550274,True,prediction = g
M22.1-D1-L8,8,blocks.8.hook_resid_post,u-completion-08,completion,holdout,-0.00016649592848152692,-0.00016649592848152692,0.0029790576587986938,-0.0034542391311679094,-0.0010628019456815894,0.02379457155863444,0.0031455535872802207,-0.0032877432026863825,-0.0008963060172000625,0.0026009809500783456,0.009377970182012517,12,-5.6266069412231445,-5.621816635131836,0.004790306091308594,0.004956802019790121,0.004956802019790121,0.0018112484325099,0.008244545222476503,0.005853108036990183,0.019004265467325848,0.0031455535872802207,0.006433296789966603,-0.000896306017200062,0.009731979584718945,True,prediction = g
M22.1-D1-L15,15,blocks.15.hook_resid_post,u-completion-08,completion,holdout,-0.06504037883029976,-0.06504037883029976,-0.06371851651156189,-0.06832812203298613,-0.07271112045176518,-0.0065801143646240234,0.0013218623187378634,-0.0032877432026863825,-0.007670741621465434,0.0011217373026627966,0.004044481362351381,12,-5.6266069412231445,-5.69141149520874,-0.0648045539855957,0.0002358248447040523,0.0002358248447040523,0.0010860374740338102,0.0035235680473904296,0.007906566466169482,0.05822443962097168,-0.0008502126293297579,0.0024375305733566194,-0.0076707416214654295,0.004197156664528128,True,prediction = g
M22.1-D1-L0,0,blocks.0.hook_resid_post,u-instruction-02,instruction,holdout,-0.0316924078201723,-0.0316924078201723,-0.045517246687682394,-0.03498015102285868,-0.032482783142998815,0.02711375554402669,-0.013824838867510096,-0.0032877432026863825,-0.0007903753228265151,0.0056282132899151465,0.02029281160603693,12,-2.866819381713867,-2.8796863555908203,-0.012866973876953125,0.018825433943219172,0.018825433943219172,0.03265027281072927,0.022113177145905556,0.01961580926604569,0.03998072942097981,-0.013824838867510097,-0.010537095664823713,-0.0007903753228265184,0.021058845830550274,True,prediction = g
M22.1-D1-L8,8,blocks.8.hook_resid_post,u-instruction-02,instruction,holdout,0.12664772328122412,0.12664772328122412,0.12979327686850434,0.12335998007853774,0.12575141726402406,0.02379457155863444,0.0031455535872802207,-0.0032877432026863825,-0.0008963060172000625,0.0026009809500783456,0.009377970182012517,12,-2.866819381713867,-2.725162982940674,0.14165639877319336,0.015008675491969242,0.015008675491969242,0.011863121904689022,0.01829641869465562,0.015904981509169303,0.11786182721455891,0.00314555358728022,0.006433296789966597,-0.0008963060172000603,0.009731979584718945,True,prediction = g
M22.1-D1-L15,15,blocks.15.hook_resid_post,u-instruction-02,instruction,holdout,-0.02405762421493151,-0.02405762421493151,-0.022735761896193647,-0.027345367417617894,-0.031728365836396946,-0.0065801143646240234,0.0013218623187378634,-0.0032877432026863825,-0.007670741621465434,0.0011217373026627966,0.004044481362351381,12,-2.866819381713867,-2.8831162452697754,-0.016296863555908203,0.007760760659023307,0.007760760659023307,0.006438898340285444,0.011048503861709691,0.015431502280488743,0.00971674919128418,0.0013218623187378625,0.004609605521424247,-0.007670741621465436,0.004197156664528128,True,prediction = g
M22.1-D1-L0,0,blocks.0.hook_resid_post,u-instruction-04,instruction,holdout,-0.053532106565031115,-0.053532106565031115,-0.06735694543254121,-0.0568198497677175,-0.054322481887857633,0.02711375554402669,-0.013824838867510096,-0.0032877432026863825,-0.0007903753228265151,0.0056282132899151465,0.02029281160603693,12,1.2190866470336914,1.2496461868286133,0.030559539794921875,0.08409164635995299,0.08409164635995299,0.09791648522746309,0.08737938956263938,0.0848820216827795,0.0034457842508951834,-0.013824838867510097,-0.010537095664823706,-0.0007903753228265115,0.021058845830550274,False,prediction = g
M22.1-D1-L8,8,blocks.8.hook_resid_post,u-instruction-04,instruction,holdout,0.13895675131259128,0.13895675131259128,0.1421023048998715,0.1356690081099049,0.13806044529539122,0.02379457155863444,0.0031455535872802207,-0.0032877432026863825,-0.0008963060172000625,0.0026009809500783456,0.009377970182012517,12,1.2190866470336914,1.352950096130371,0.1338634490966797,-0.005093302215911588,0.005093302215911588,0.008238855803191808,0.0018055590132252108,0.004196996198711528,0.11006887753804524,-0.00314555358728022,-0.006433296789966597,0.0008963060172000603,0.009731979584718945,True,prediction = g
M22.1-D1-L15,15,blocks.15.hook_resid_post,u-instruction-04,instruction,holdout,-0.06586567047068706,-0.06586567047068706,-0.0645438081519492,-0.06915341367337344,-0.07353641209215249,-0.0065801143646240234,0.0013218623187378634,-0.0032877432026863825,-0.007670741621465434,0.0011217373026627966,0.004044481362351381,12,1.2190866470336914,1.1497058868408203,-0.0693807601928711,-0.003515089722184034,0.003515089722184034,0.004836952040921896,0.0002273465194976565,0.004155651899281396,0.06280064582824707,-0.0013218623187378625,-0.00460960552142424,-0.0006405621770973619,0.004197156664528128,True,prediction = g
M22.1-D1-L0,0,blocks.0.hook_resid_post,u-instruction-06,instruction,holdout,0.009766347096332445,0.009766347096332445,-0.00405849177117765,0.006478603893646063,0.00897597177350593,0.02711375554402669,-0.013824838867510096,-0.0032877432026863825,-0.0007903753228265151,0.0056282132899151465,0.02029281160603693,12,0.04990386962890625,0.10110759735107422,0.05120372772216797,0.041437380625835525,0.041437380625835525,0.055262219493345616,0.04472512382852191,0.04222775594866204,0.024089972178141277,-0.01382483886751009,-0.010537095664823706,-0.0007903753228265115,0.021058845830550274,False,prediction = g
M22.1-D1-L8,8,blocks.8.hook_resid_post,u-instruction-06,instruction,holdout,-0.11829866519277535,-0.11829866519277535,-0.11515311160549513,-0.12158640839546173,-0.11919497120997541,0.02379457155863444,0.0031455535872802207,-0.0032877432026863825,-0.0008963060172000625,0.0026009809500783456,0.009377970182012517,12,0.04990386962890625,-0.06968975067138672,-0.11959362030029297,-0.0012949551075176202,0.0012949551075176202,0.00444050869479784,0.001992788095168757,0.0003986490903175599,0.1433881918589274,-0.00314555358728022,-0.002447720599629083,0.0008963060172000603,0.009731979584718945,True,prediction = g
M22.1-D1-L15,15,blocks.15.hook_resid_post,u-instruction-06,instruction,holdout,-0.07137380504061543,-0.07137380504061543,-0.07005194272187756,-0.0746615482433018,-0.07904454666208086,-0.0065801143646240234,0.0013218623187378634,-0.0032877432026863825,-0.007670741621465434,0.0011217373026627966,0.004044481362351381,12,0.04990386962890625,-0.02203369140625,-0.07193756103515625,-0.0005637559945408238,0.0005637559945408238,0.0018856183132786863,0.0027239872081455535,0.007106985626924606,0.06535744667053223,-0.0013218623187378625,0.0008383688948668672,-0.006543229632383782,0.004197156664528128,True,prediction = g
M22.1-D1-L0,0,blocks.0.hook_resid_post,u-instruction-08,instruction,holdout,-0.0407065822716004,-0.0407065822716004,-0.0545314211391105,-0.043994325474286784,-0.04149695759442692,0.02711375554402669,-0.013824838867510096,-0.0032877432026863825,-0.0007903753228265151,0.0056282132899151465,0.02029281160603693,12,-0.49929046630859375,-0.57940673828125,-0.08011627197265625,-0.03940968970105585,0.03940968970105585,0.025584850833545753,0.036121946498369466,0.03861931437822933,0.10723002751668294,0.013824838867510097,0.010537095664823713,0.0007903753228265184,0.021058845830550274,True,prediction = g
M22.1-D1-L8,8,blocks.8.hook_resid_post,u-instruction-08,instruction,holdout,0.05883106028378855,0.05883106028378855,0.06197661387106877,0.05554331708110217,0.05793475426658849,0.02379457155863444,0.0031455535872802207,-0.0032877432026863825,-0.0008963060172000625,0.0026009809500783456,0.009377970182012517,12,-0.49929046630859375,-0.4348926544189453,0.06439781188964844,0.005566751605859885,0.005566751605859885,0.002421198018579665,0.008854494808546269,0.006463057623059945,0.04060324033101399,0.00314555358728022,0.006433296789966604,-0.0008963060172000603,0.009731979584718945,True,prediction = g
M22.1-D1-L15,15,blocks.15.hook_resid_post,u-instruction-08,instruction,holdout,-0.12516137752154902,-0.12516137752154902,-0.12383951520281115,-0.1284491207242354,-0.13283211914301446,-0.0065801143646240234,0.0013218623187378634,-0.0032877432026863825,-0.007670741621465434,0.0011217373026627966,0.004044481362351381,12,-0.49929046630859375,-0.6194372177124023,-0.1201467514038086,0.005014626117740423,0.005014626117740423,0.0036927637990025602,0.0083023693204268,0.012685367739205866,0.11356663703918457,0.0013218623187378625,0.00460960552142424,-0.007670741621465443,0.004197156664528128,True,prediction = g
M22.1-D1-L0,0,blocks.0.hook_resid_post,u-syntax-02,syntax,holdout,-0.053688782587938105,-0.053688782587938105,-0.0675136214554482,-0.05697652579062449,-0.054479157910764624,0.02711375554402669,-0.013824838867510096,-0.0032877432026863825,-0.0007903753228265151,0.0056282132899151465,0.02029281160603693,12,-4.5040483474731445,-4.562590599060059,-0.05854225158691406,-0.004853468998975957,0.004853468998975957,0.00897136986853414,0.001565725796289573,0.004063093676149439,0.08565600713094075,-0.004117900869558183,-0.007405644072244567,0.0007903753228265184,0.021058845830550274,True,prediction = g
M22.1-D1-L8,8,blocks.8.hook_resid_post,u-syntax-02,syntax,holdout,-0.03232815858938746,-0.03232815858938746,-0.02918260500210724,-0.03561590179207384,-0.03322446460658752,0.02379457155863444,0.0031455535872802207,-0.0032877432026863825,-0.0008963060172000625,0.0026009809500783456,0.009377970182012517,12,-4.5040483474731445,-4.533164978027344,-0.02911663055419922,0.0032115280351882394,0.0032115280351882394,6.59744479080196e-05,0.006499271237874624,0.0041078340523883,0.052911202112833663,0.00314555358728022,0.006433296789966604,-0.0008963060172000603,0.009731979584718945,True,prediction = g
M22.1-D1-L15,15,blocks.15.hook_resid_post,u-syntax-02,syntax,holdout,0.04222881046773295,0.04222881046773295,0.04355067278647081,0.038941067265046564,0.03455806884626751,-0.0065801143646240234,0.0013218623187378634,-0.0032877432026863825,-0.007670741621465434,0.0011217373026627966,0.004044481362351381,12,-4.5040483474731445,-4.463168144226074,0.04088020324707031,-0.0013486072206626357,0.0013486072206626357,0.002670469539400498,0.0019391359820237486,0.006322134400802801,0.047460317611694336,-0.0013218623187378625,-0.0007313335573767496,-0.004973527180140165,0.004197156664528128,True,prediction = g
M22.1-D1-L0,0,blocks.0.hook_resid_post,u-syntax-04,syntax,holdout,-0.031499463589535426,-0.031499463589535426,-0.04532430245704552,-0.03478720679222181,-0.032289838912361944,0.02711375554402669,-0.013824838867510096,-0.0032877432026863825,-0.0007903753228265151,0.0056282132899151465,0.02029281160603693,12,-3.489748954772949,-3.5364437103271484,-0.04669475555419922,-0.015195291964663793,0.015195291964663793,0.0013704530971536955,0.011907548761977409,0.014404916641837275,0.0738085110982259,0.013824838867510097,0.010537095664823713,0.0007903753228265184,0.021058845830550274,True,prediction = g
M22.1-D1-L8,8,blocks.8.hook_resid_post,u-syntax-04,syntax,holdout,0.007385371915514312,0.007385371915514312,0.010530925502794532,0.004097628712827929,0.00648906589831425,0.02379457155863444,0.0031455535872802207,-0.0032877432026863825,-0.0008963060172000625,0.0026009809500783456,0.009377970182012517,12,-3.489748954772949,-3.476534843444824,0.013214111328125,0.005828739412610688,0.005828739412610688,0.0026831858253304683,0.00911648261529707,0.00672504542981075,0.010580460230509441,0.00314555358728022,0.006433296789966602,-0.000896306017200062,0.009731979584718945,True,prediction = g
M22.1-D1-L15,15,blocks.15.hook_resid_post,u-syntax-04,syntax,holdout,0.010369952667535726,0.010369952667535726,0.011691814986273589,0.007082209464849344,0.0026992110460702925,-0.0065801143646240234,0.0013218623187378634,-0.0032877432026863825,-0.007670741621465434,0.0011217373026627966,0.004044481362351381,12,-3.489748954772949,-3.480057716369629,0.009691238403320312,-0.0006787142642154138,0.0006787142642154138,0.0020005765829532764,0.0026090289384709687,0.00699202735725002,0.016271352767944336,-0.0013218623187378625,0.0006084523555176923,-0.006313313093034606,0.004197156664528128,True,prediction = g
M22.1-D1-L0,0,blocks.0.hook_resid_post,u-syntax-06,syntax,holdout,-0.039720410977979716,-0.039720410977979716,-0.05354524984548981,-0.0430081541806661,-0.040510786300806234,0.02711375554402669,-0.013824838867510096,-0.0032877432026863825,-0.0007903753228265151,0.0056282132899151465,0.02029281160603693,12,-3.9873900413513184,-4.036820411682129,-0.04943037033081055,-0.009709959352830831,0.009709959352830831,0.004114879514679266,0.006422216150144447,0.008919584030004313,0.07654412587483723,0.005595079838151565,0.0023073366354651806,0.0007903753228265184,0.021058845830550274,True,prediction = g
M22.1-D1-L8,8,blocks.8.hook_resid_post,u-syntax-06,syntax,holdout,0.009900346369268849,0.009900346369268849,0.013045899956549069,0.0066126031665824665,0.009004040352068787,0.02379457155863444,0.0031455535872802207,-0.0032877432026863825,-0.0008963060172000625,0.0026009809500783456,0.009377970182012517,12,-3.9873900413513184,-3.975846290588379,0.011543750762939453,0.0016434043936706041,0.0016434043936706041,0.0015021491936096157,0.004931147596356987,0.002539710410870666,0.012250820795694988,0.00014125520006098846,0.003428998402747371,-0.000896306017200062,0.009731979584718945,True,prediction = g
M22.1-D1-L15,15,blocks.15.hook_resid_post,u-syntax-06,syntax,holdout,0.017624985915699783,0.017624985915699783,0.018946848234437645,0.0143372427130134,0.00995424429423435,-0.0065801143646240234,0.0013218623187378634,-0.0032877432026863825,-0.007670741621465434,0.0011217373026627966,0.004044481362351381,12,-3.9873900413513184,-3.9689407348632812,0.01844930648803711,0.0008243205723373268,0.0008243205723373268,0.0004975417464005358,0.004112063775023709,0.00849506219380276,0.025029420852661133,0.000326778825936791,0.0036145220286231735,-0.007670741621465433,0.004197156664528128,True,prediction = g
M22.1-D1-L0,0,blocks.0.hook_resid_post,u-syntax-08,syntax,holdout,0.01802835570406672,0.01802835570406672,0.004203516836556625,0.014740612501380338,0.017237980381240206,0.02711375554402669,-0.013824838867510096,-0.0032877432026863825,-0.0007903753228265151,0.0056282132899151465,0.02029281160603693,12,-4.646420478820801,-4.637314796447754,0.009105682373046875,-0.008922673331019846,0.008922673331019846,0.00490216553649025,0.0056349301283334634,0.008132298008193331,0.018008073170979817,0.004020507794529596,0.0007327645918432137,0.0007903753228265149,0.021058845830550274,True,prediction = g
M22.1-D1-L8,8,blocks.8.hook_resid_post,u-syntax-08,syntax,holdout,0.06495536582255493,0.06495536582255493,0.06810091940983515,0.061667622619868544,0.06405905980535487,0.02379457155863444,0.0031455535872802207,-0.0032877432026863825,-0.0008963060172000625,0.0026009809500783456,0.009377970182012517,12,-4.646420478820801,-4.582637786865234,0.0637826919555664,-0.0011726738669885217,0.0011726738669885217,0.0043182274542687415,0.0021150693356978625,0.0002763678497884614,0.03998812039693196,-0.00314555358728022,-0.002203158118570879,0.0008963060172000603,0.009731979584718945,True,prediction = g
M22.1-D1-L15,15,blocks.15.hook_resid_post,u-syntax-08,syntax,holdout,0.04512424020756306,0.04512424020756306,0.04644610252630092,0.041836497004876676,0.037453498586097624,-0.0065801143646240234,0.0013218623187378634,-0.0032877432026863825,-0.007670741621465434,0.0011217373026627966,0.004044481362351381,12,-4.646420478820801,-4.6011962890625,0.04522418975830078,9.994955073772127e-05,9.994955073772127e-05,0.0012219127680001413,0.0033876927534241055,0.007770691172203158,0.051804304122924805,-0.00112196321726242,0.0021657799854239643,-0.007670741621465436,0.004197156664528128,True,prediction = g
