catalog,intervention_id,layer,direction_id,alpha,measurement,prompt_id,partition,contamination
POST_M23_S,M22.1-D1-L15,15,D1,1.0,pre_dot,s-completion-01,train,CLEAN
POST_M23_S,M22.1-D1-L15,15,D1,1.0,pre_dot,s-completion-02,validation,CLEAN
POST_M23_S,M22.1-D1-L15,15,D1,1.0,pre_dot,s-completion-03,evaluation,CLEAN
POST_M23_S,M22.1-D1-L15,15,D1,1.0,pre_dot,s-completion-04,train,CLEAN
POST_M23_S,M22.1-D1-L15,15,D1,1.0,pre_dot,s-completion-05,validation,CLEAN
POST_M23_S,M22.1-D1-L15,15,D1,1.0,pre_dot,s-completion-06,evaluation,CLEAN
POST_M23_S,M22.1-D1-L15,15,D1,1.0,pre_dot,s-completion-07,train,CLEAN
POST_M23_S,M22.1-D1-L15,15,D1,1.0,pre_dot,s-completion-08,validation,CLEAN
POST_M23_S,M22.1-D1-L15,15,D1,1.0,pre_dot,s-completion-09,evaluation,CLEAN
POST_M23_S,M22.1-D1-L15,15,D1,1.0,pre_dot,s-completion-10,train,CLEAN
POST_M23_S,M22.1-D1-L15,15,D1,1.0,pre_dot,s-completion-11,validation,CLEAN
POST_M23_S,M22.1-D1-L15,15,D1,1.0,pre_dot,s-completion-12,evaluation,CLEAN
POST_M23_S,M22.1-D1-L15,15,D1,1.0,pre_dot,s-syntax-01,train,CLEAN
POST_M23_S,M22.1-D1-L15,15,D1,1.0,pre_dot,s-syntax-02,validation,CLEAN
POST_M23_S,M22.1-D1-L15,15,D1,1.0,pre_dot,s-syntax-03,evaluation,CLEAN
POST_M23_S,M22.1-D1-L15,15,D1,1.0,pre_dot,s-syntax-04,train,CLEAN
POST_M23_S,M22.1-D1-L15,15,D1,1.0,pre_dot,s-syntax-05,validation,CLEAN
POST_M23_S,M22.1-D1-L15,15,D1,1.0,pre_dot,s-syntax-06,evaluation,CLEAN
POST_M23_S,M22.1-D1-L15,15,D1,1.0,pre_dot,s-syntax-07,train,CLEAN
POST_M23_S,M22.1-D1-L15,15,D1,1.0,pre_dot,s-syntax-08,validation,CLEAN
POST_M23_S,M22.1-D1-L15,15,D1,1.0,pre_dot,s-syntax-09,evaluation,CLEAN
POST_M23_S,M22.1-D1-L15,15,D1,1.0,pre_dot,s-syntax-10,train,CLEAN
POST_M23_S,M22.1-D1-L15,15,D1,1.0,pre_dot,s-syntax-11,validation,CLEAN
POST_M23_S,M22.1-D1-L15,15,D1,1.0,pre_dot,s-syntax-12,evaluation,CLEAN
POST_M23_S,M22.1-D1-L15,15,D1,1.0,pre_dot,s-instruction-01,train,CLEAN
POST_M23_S,M22.1-D1-L15,15,D1,1.0,pre_dot,s-instruction-02,validation,CLEAN
POST_M23_S,M22.1-D1-L15,15,D1,1.0,pre_dot,s-instruction-03,evaluation,CLEAN
POST_M23_S,M22.1-D1-L15,15,D1,1.0,pre_dot,s-instruction-04,train,CLEAN
POST_M23_S,M22.1-D1-L15,15,D1,1.0,pre_dot,s-instruction-05,validation,CLEAN
POST_M23_S,M22.1-D1-L15,15,D1,1.0,pre_dot,s-instruction-06,evaluation,CLEAN
POST_M23_S,M22.1-D1-L15,15,D1,1.0,pre_dot,s-instruction-07,train,CLEAN
POST_M23_S,M22.1-D1-L15,15,D1,1.0,pre_dot,s-instruction-08,validation,CLEAN
POST_M23_S,M22.1-D1-L15,15,D1,1.0,pre_dot,s-instruction-09,evaluation,CLEAN
POST_M23_S,M22.1-D1-L15,15,D1,1.0,pre_dot,s-instruction-10,train,CLEAN
POST_M23_S,M22.1-D1-L15,15,D1,1.0,pre_dot,s-instruction-11,validation,CLEAN
POST_M23_S,M22.1-D1-L15,15,D1,1.0,pre_dot,s-instruction-12,evaluation,CLEAN
M23-G,M22.1-D1-L15,15,D1,1.0,pre_dot,g-completion-01,train,CONTAMINATED
M23-G,M22.1-D1-L15,15,D1,1.0,pre_dot,g-completion-02,validation,CONTAMINATED
M23-G,M22.1-D1-L15,15,D1,1.0,pre_dot,g-completion-03,evaluation,CONTAMINATED
M23-G,M22.1-D1-L15,15,D1,1.0,pre_dot,g-completion-04,train,CONTAMINATED
M23-G,M22.1-D1-L15,15,D1,1.0,pre_dot,g-completion-05,validation,CONTAMINATED
M23-G,M22.1-D1-L15,15,D1,1.0,pre_dot,g-completion-06,evaluation,CONTAMINATED
M23-G,M22.1-D1-L15,15,D1,1.0,pre_dot,g-completion-07,train,CONTAMINATED
M23-G,M22.1-D1-L15,15,D1,1.0,pre_dot,g-completion-08,validation,CONTAMINATED
M23-G,M22.1-D1-L15,15,D1,1.0,pre_dot,g-completion-09,evaluation,CONTAMINATED
M23-G,M22.1-D1-L15,15,D1,1.0,pre_dot,g-completion-10,train,CONTAMINATED
M23-G,M22.1-D1-L15,15,D1,1.0,pre_dot,g-completion-11,validation,CONTAMINATED
M23-G,M22.1-D1-L15,15,D1,1.0,pre_dot,g-completion-12,evaluation,CONTAMINATED
M23-G,M22.1-D1-L15,15,D1,1.0,pre_dot,g-syntax-01,train,CONTAMINATED
M23-G,M22.1-D1-L15,15,D1,1.0,pre_dot,g-syntax-02,validation,CONTAMINATED
M23-G,M22.1-D1-L15,15,D1,1.0,pre_dot,g-syntax-03,evaluation,CONTAMINATED
M23-G,M22.1-D1-L15,15,D1,1.0,pre_dot,g-syntax-04,train,CONTAMINATED
M23-G,M22.1-D1-L15,15,D1,1.0,pre_dot,g-syntax-05,validation,CONTAMINATED
M23-G,M22.1-D1-L15,15,D1,1.0,pre_dot,g-syntax-06,evaluation,CONTAMINATED
M23-G,M22.1-D1-L15,15,D1,1.0,pre_dot,g-syntax-07,train,CONTAMINATED
M23-G,M22.1-D1-L15,15,D1,1.0,pre_dot,g-syntax-08,validation,CONTAMINATED
M23-G,M22.1-D1-L15,15,D1,1.0,pre_dot,g-syntax-09,evaluation,CONTAMINATED
M23-G,M22.1-D1-L15,15,D1,1.0,pre_dot,g-syntax-10,train,CONTAMINATED
M23-G,M22.1-D1-L15,15,D1,1.0,pre_dot,g-syntax-11,validation,CONTAMINATED
M23-G,M22.1-D1-L15,15,D1,1.0,pre_dot,g-syntax-12,evaluation,CONTAMINATED
M23-G,M22.1-D1-L15,15,D1,1.0,pre_dot,g-instruction-01,train,CONTAMINATED
M23-G,M22.1-D1-L15,15,D1,1.0,pre_dot,g-instruction-02,validation,CONTAMINATED
M23-G,M22.1-D1-L15,15,D1,1.0,pre_dot,g-instruction-03,evaluation,CONTAMINATED
M23-G,M22.1-D1-L15,15,D1,1.0,pre_dot,g-instruction-04,train,CONTAMINATED
M23-G,M22.1-D1-L15,15,D1,1.0,pre_dot,g-instruction-05,validation,CONTAMINATED
M23-G,M22.1-D1-L15,15,D1,1.0,pre_dot,g-instruction-06,evaluation,CONTAMINATED
M23-G,M22.1-D1-L15,15,D1,1.0,pre_dot,g-instruction-07,train,CONTAMINATED
M23-G,M22.1-D1-L15,15,D1,1.0,pre_dot,g-instruction-08,validation,CONTAMINATED
M23-G,M22.1-D1-L15,15,D1,1.0,pre_dot,g-instruction-09,evaluation,CONTAMINATED
M23-G,M22.1-D1-L15,15,D1,1.0,pre_dot,g-instruction-10,train,CONTAMINATED
M23-G,M22.1-D1-L15,15,D1,1.0,pre_dot,g-instruction-11,validation,CONTAMINATED
M23-G,M22.1-D1-L15,15,D1,1.0,pre_dot,g-instruction-12,evaluation,CONTAMINATED
M22.1,M22.1-D1-L15,15,D1,1.0,pre_dot,completion-01,discovery,CONTAMINATED
M22.1,M22.1-D1-L15,15,D1,1.0,pre_dot,completion-02,validation,CONTAMINATED
M22.1,M22.1-D1-L15,15,D1,1.0,pre_dot,completion-03,replication,PARTIALLY_CONTAMINATED
M22.1,M22.1-D1-L15,15,D1,1.0,pre_dot,completion-04,discovery,CONTAMINATED
M22.1,M22.1-D1-L15,15,D1,1.0,pre_dot,completion-05,validation,CONTAMINATED
M22.1,M22.1-D1-L15,15,D1,1.0,pre_dot,completion-06,replication,PARTIALLY_CONTAMINATED
M22.1,M22.1-D1-L15,15,D1,1.0,pre_dot,instruction-01,discovery,CONTAMINATED
M22.1,M22.1-D1-L15,15,D1,1.0,pre_dot,instruction-02,validation,CONTAMINATED
M22.1,M22.1-D1-L15,15,D1,1.0,pre_dot,instruction-03,replication,PARTIALLY_CONTAMINATED
M22.1,M22.1-D1-L15,15,D1,1.0,pre_dot,instruction-04,discovery,CONTAMINATED
M22.1,M22.1-D1-L15,15,D1,1.0,pre_dot,instruction-05,validation,CONTAMINATED
M22.1,M22.1-D1-L15,15,D1,1.0,pre_dot,instruction-06,replication,PARTIALLY_CONTAMINATED
M22.1,M22.1-D1-L15,15,D1,1.0,pre_dot,syntax-01,discovery,CONTAMINATED
M22.1,M22.1-D1-L15,15,D1,1.0,pre_dot,syntax-02,validation,CONTAMINATED
M22.1,M22.1-D1-L15,15,D1,1.0,pre_dot,syntax-03,replication,PARTIALLY_CONTAMINATED
M22.1,M22.1-D1-L15,15,D1,1.0,pre_dot,syntax-04,discovery,CONTAMINATED
M22.1,M22.1-D1-L15,15,D1,1.0,pre_dot,syntax-05,validation,CONTAMINATED
M22.1,M22.1-D1-L15,15,D1,1.0,pre_dot,syntax-06,replication,PARTIALLY_CONTAMINATED
