intervention_id,layer,direction_id,alpha,measurement,prompt_id,family,partition,pre_dot,baseline_prediction,candidate_prediction,baseline_output,intervened_output,observed_effect,abs_error_baseline,abs_error_candidate,paired_difference
M22.1-D1-L15,15,D1,1.0,pre_dot,s-completion-01,completion,train,-0.25899428129196167,0.009110331535339355,-0.003838296045243949,-6.089555740356445,-6.053239822387695,0.03631591796875,0.027205586433410645,0.04015421401399395,-0.012948627580583308
M22.1-D1-L15,15,D1,1.0,pre_dot,s-completion-04,completion,train,0.8143934607505798,0.009110331535339355,0.014448087660075739,-1.9870638847351074,-2.023803234100342,-0.036739349365234375,0.04584968090057373,0.05118743702531012,-0.005337756124736387
M22.1-D1-L15,15,D1,1.0,pre_dot,s-completion-07,completion,train,2.4336299896240234,0.009110331535339355,0.04203362764426183,-2.1569299697875977,-2.1244616508483887,0.032468318939208984,0.02335798740386963,0.009565308705052844,0.013792678698816785
M22.1-D1-L15,15,D1,1.0,pre_dot,s-completion-10,completion,train,1.097322702407837,0.009110331535339355,0.019268109793507807,-5.359304428100586,-5.23171329498291,0.12759113311767578,0.11848080158233643,0.10832302332416797,0.010157778258168451
M22.1-D1-L15,15,D1,1.0,pre_dot,s-instruction-01,instruction,train,0.15085643529891968,0.009110331535339355,0.0031439780873258015,0.6365909576416016,0.5477743148803711,-0.08881664276123047,0.09792697429656982,0.09196062084855627,0.0059663534480135505
M22.1-D1-L15,15,D1,1.0,pre_dot,s-instruction-04,instruction,train,0.29185861349105835,0.009110331535339355,0.005546110916605975,1.3004493713378906,1.2541818618774414,-0.04626750946044922,0.055377840995788574,0.0518136203770552,0.003564220618733377
M22.1-D1-L15,15,D1,1.0,pre_dot,s-instruction-07,instruction,train,0.316786527633667,0.009110331535339355,0.005970786348540376,-1.1228151321411133,-1.1497735977172852,-0.026958465576171875,0.03606879711151123,0.03292925192471225,0.0031395451867989796
M22.1-D1-L15,15,D1,1.0,pre_dot,s-instruction-10,instruction,train,0.21247416734695435,0.009110331535339355,0.004193706388804093,-0.5952177047729492,-0.6239480972290039,-0.028730392456054688,0.03784072399139404,0.03292409884485878,0.004916625146535264
M22.1-D1-L15,15,D1,1.0,pre_dot,s-syntax-01,syntax,train,0.15502363443374634,0.009110331535339355,0.0032149710746417464,-4.278055191040039,-4.184866905212402,0.09318828582763672,0.08407795429229736,0.08997331475299497,-0.005895360460697607
M22.1-D1-L15,15,D1,1.0,pre_dot,s-syntax-04,syntax,train,0.38023388385772705,0.009110331535339355,0.007051684383386094,-6.88181209564209,-6.907818794250488,-0.026006698608398438,0.03511703014373779,0.033058382991784534,0.0020586471519532593
M22.1-D1-L15,15,D1,1.0,pre_dot,s-syntax-07,syntax,train,0.07039877772331238,0.009110331535339355,0.0017732901794696061,-5.255115509033203,-5.177469253540039,0.07764625549316406,0.06853592395782471,0.07587296531369446,-0.007337041355869753
M22.1-D1-L15,15,D1,1.0,pre_dot,s-syntax-10,syntax,train,0.34890270233154297,0.009110331535339355,0.006517921992697158,-2.729776382446289,-2.7341432571411133,-0.004366874694824219,0.013477206230163574,0.010884796687521377,0.002592409542642197
M22.1-D1-L15,15,D1,1.0,pre_dot,s-completion-02,completion,validation,0.3477841019630432,0.009110331535339355,0.0064988653603637436,-0.45753002166748047,-0.4689207077026367,-0.01139068603515625,0.020501017570495605,0.017889551395519995,0.00261146617497561
M22.1-D1-L15,15,D1,1.0,pre_dot,s-completion-05,completion,validation,-0.02552849054336548,0.009110331535339355,0.00013905982018711134,-4.645276069641113,-4.6625494956970215,-0.017273426055908203,0.02638375759124756,0.017412485876095313,0.008971271715152246
M22.1-D1-L15,15,D1,1.0,pre_dot,s-completion-08,completion,validation,0.004069000482559204,0.009110331535339355,0.0006432868170269581,-3.8953709602355957,-3.9096713066101074,-0.014300346374511719,0.023410677909851074,0.014943633191538677,0.008467044718312397
M22.1-D1-L15,15,D1,1.0,pre_dot,s-completion-11,completion,validation,0.5489888787269592,0.009110331535339355,0.009926618079289741,-3.289914131164551,-3.3506288528442383,-0.0607147216796875,0.06982505321502686,0.07064133975897724,-0.0008162865439503841
M22.1-D1-L15,15,D1,1.0,pre_dot,s-instruction-02,instruction,validation,0.6461681127548218,0.009110331535339355,0.011582177102388893,-1.0511531829833984,-1.0622024536132812,-0.011049270629882812,0.020159602165222168,0.022631447732271708,-0.0024718455670495396
M22.1-D1-L15,15,D1,1.0,pre_dot,s-instruction-05,instruction,validation,0.26610568165779114,0.009110331535339355,0.00510738036790049,-4.37722635269165,-4.414501190185547,-0.037274837493896484,0.04638516902923584,0.042382217861796974,0.004002951167438866
M22.1-D1-L15,15,D1,1.0,pre_dot,s-instruction-08,instruction,validation,0.6647000908851624,0.009110331535339355,0.011897890473835769,-1.0781183242797852,-1.1726970672607422,-0.09457874298095703,0.10368907451629639,0.1064766334547928,-0.002787558938496415
M22.1-D1-L15,15,D1,1.0,pre_dot,s-instruction-11,instruction,validation,-0.037145793437957764,0.009110331535339355,-5.8854176806358294e-05,0.6632919311523438,0.6610002517700195,-0.0022916793823242188,0.011402010917663574,0.0022328252055178605,0.009169185712145714
M22.1-D1-L15,15,D1,1.0,pre_dot,s-syntax-02,syntax,validation,-0.3222317099571228,0.009110331535339355,-0.0049156177248342574,-3.752711296081543,-3.7660045623779297,-0.013293266296386719,0.022403597831726074,0.008377648571552461,0.014025949260173613
M22.1-D1-L15,15,D1,1.0,pre_dot,s-syntax-05,syntax,validation,0.5067377090454102,0.009110331535339355,0.009206821243036366,-5.487320899963379,-5.546976566314697,-0.05965566635131836,0.06876599788665771,0.06886248759435473,-9.648970769701726e-05
M22.1-D1-L15,15,D1,1.0,pre_dot,s-syntax-08,syntax,validation,0.2409837245941162,0.009110331535339355,0.004679399193622538,-3.9633798599243164,-3.9568185806274414,0.006561279296875,0.0025490522384643555,0.001881880103252462,0.0006671721352118935
M22.1-D1-L15,15,D1,1.0,pre_dot,s-syntax-11,syntax,validation,0.41773971915245056,0.009110331535339355,0.007690639039308235,-6.521262168884277,-6.510583877563477,0.010678291320800781,0.0015679597854614258,0.0029876522814925466,-0.0014196924960311209
M22.1-D1-L15,15,D1,1.0,pre_dot,s-completion-03,completion,evaluation,0.698989748954773,0.009110331535339355,0.01248205388471275,-4.806300163269043,-4.789766311645508,0.016533851623535156,0.007423520088195801,0.004051797738822407,0.0033717223493733937
M22.1-D1-L15,15,D1,1.0,pre_dot,s-completion-06,completion,evaluation,0.8173810839653015,0.009110331535339355,0.014498985227032635,-5.362456798553467,-5.511656761169434,-0.1491999626159668,0.15831029415130615,0.16369894784299943,-0.005388653691693279
M22.1-D1-L15,15,D1,1.0,pre_dot,s-completion-09,completion,evaluation,1.4667912721633911,0.009110331535339355,0.025562428024447664,0.09238243103027344,0.06656455993652344,-0.02581787109375,0.034928202629089355,0.051380299118197664,-0.01645209648910831
M22.1-D1-L15,15,D1,1.0,pre_dot,s-completion-12,completion,evaluation,0.2360358089208603,0.009110331535339355,0.004595105810161171,-4.838431358337402,-4.871982574462891,-0.03355121612548828,0.04266154766082764,0.03814632193564945,0.004515225725178186
M22.1-D1-L15,15,D1,1.0,pre_dot,s-instruction-03,instruction,evaluation,0.5266476273536682,0.009110331535339355,0.009546009396083063,-0.4485902786254883,-0.5675020217895508,-0.1189117431640625,0.12802207469940186,0.12845775256014558,-0.0004356778607437217
M22.1-D1-L15,15,D1,1.0,pre_dot,s-instruction-06,instruction,evaluation,0.39221230149269104,0.009110331535339355,0.007255750381604692,0.32083606719970703,0.23156452178955078,-0.08927154541015625,0.0983818769454956,0.09652729579176095,0.001854581153734658
M22.1-D1-L15,15,D1,1.0,pre_dot,s-instruction-09,instruction,evaluation,0.04536759853363037,0.009110331535339355,0.0013468555097498579,-0.3950977325439453,-0.40877342224121094,-0.013675689697265625,0.02278602123260498,0.015022545207015483,0.007763476025589498
M22.1-D1-L15,15,D1,1.0,pre_dot,s-instruction-12,instruction,evaluation,0.5974078178405762,0.009110331535339355,0.0107514898982573,1.8108749389648438,1.7233610153198242,-0.08751392364501953,0.09662425518035889,0.09826541354327684,-0.0016411583629179494
M22.1-D1-L15,15,D1,1.0,pre_dot,s-syntax-03,syntax,evaluation,-0.35695725679397583,0.009110331535339355,-0.00550720699771658,-4.181181907653809,-4.205029487609863,-0.023847579956054688,0.03295791149139404,0.018340372958338107,0.014617538533055936
M22.1-D1-L15,15,D1,1.0,pre_dot,s-syntax-06,syntax,evaluation,-0.0746375322341919,0.009110331535339355,-0.0006975686828085952,-4.809730529785156,-4.862323760986328,-0.052593231201171875,0.06170356273651123,0.05189566251836328,0.009807900218147952
M22.1-D1-L15,15,D1,1.0,pre_dot,s-syntax-09,syntax,evaluation,0.03037327527999878,0.009110331535339355,0.001091410121584955,-6.050009727478027,-6.047196388244629,0.0028133392333984375,0.006296992301940918,0.0017219291118134826,0.004575063190127435
M22.1-D1-L15,15,D1,1.0,pre_dot,s-syntax-12,syntax,evaluation,-0.0035860836505889893,0.009110331535339355,0.0005128737330384291,-4.997124671936035,-5.024091720581055,-0.02696704864501953,0.03607738018035889,0.02747992237805796,0.008597457802300926
