intervention_id,layer,direction_id,alpha,prompt_id,family,partition,g,g_orth,m,baseline_prediction,candidate_prediction,control_prediction,baseline_output,intervened_output,observed_effect,abs_error_baseline,abs_error_candidate,abs_error_control,paired_difference,control_paired_difference
M22.1-D1-L0,0,D1,1.0,f-completion-01,completion,train,-0.027086175978183746,0.0354328379034996,0.02711375554402669,0.02711375554402669,-0.027086175978183746,0.0354328379034996,-4.833152770996094,-4.898560523986816,-0.06540775299072266,0.09252150853474934,0.03832157701253891,0.10084059089422226,0.054199931522210434,-0.008319082359472915
M22.1-D1-L8,8,D1,1.0,f-completion-01,completion,train,-0.030847743153572083,-0.06575975567102432,0.02379457155863444,0.02379457155863444,-0.030847743153572083,-0.06575975567102432,-4.833152770996094,-4.87196683883667,-0.03881406784057617,0.06260863939921062,0.00796632468700409,0.02694568783044815,0.05464231471220653,0.035662951568762466
M22.1-D1-L15,15,D1,1.0,f-completion-01,completion,train,-0.0768163800239563,0.02221904695034027,-0.0065801143646240234,-0.0065801143646240234,-0.0768163800239563,0.02221904695034027,-4.833152770996094,-4.911935806274414,-0.07878303527832031,0.07220292091369629,0.0019666552543640137,0.10100208222866058,0.07023626565933228,-0.028799161314964294
M22.1-D1-L0,0,D1,1.0,f-completion-05,completion,train,0.06933870166540146,0.05870908871293068,0.02711375554402669,0.02711375554402669,0.06933870166540146,0.05870908871293068,-3.6172266006469727,-3.546173095703125,0.07105350494384766,0.04393974939982097,0.0017148032784461975,0.012344416230916977,0.04222494612137477,0.03159533316890399
M22.1-D1-L8,8,D1,1.0,f-completion-05,completion,train,-0.046174097806215286,-0.010289713740348816,0.02379457155863444,0.02379457155863444,-0.046174097806215286,-0.010289713740348816,-3.6172266006469727,-3.664198875427246,-0.04697227478027344,0.07076684633890788,0.0007981769740581512,0.03668256103992462,0.06996866936484973,0.03408428529898326
M22.1-D1-L15,15,D1,1.0,f-completion-05,completion,train,-0.023875169456005096,0.023005913943052292,-0.0065801143646240234,-0.0065801143646240234,-0.023875169456005096,0.023005913943052292,-3.6172266006469727,-3.6393842697143555,-0.022157669067382812,0.015577554702758789,0.001717500388622284,0.045163583010435104,0.013860054314136505,-0.029586028307676315
M22.1-D1-L0,0,D1,1.0,f-completion-09,completion,train,-0.09036339074373245,-0.04540399834513664,0.02711375554402669,0.02711375554402669,-0.09036339074373245,-0.04540399834513664,-0.5162773132324219,-0.6197013854980469,-0.103424072265625,0.1305378278096517,0.013060681521892548,0.05802007392048836,0.11747714628775915,0.07251775388916334
M22.1-D1-L8,8,D1,1.0,f-completion-09,completion,train,0.03381989896297455,0.016562048345804214,0.02379457155863444,0.02379457155863444,0.03381989896297455,0.016562048345804214,-0.5162773132324219,-0.4821491241455078,0.03412818908691406,0.010333617528279621,0.00030829012393951416,0.017566140741109848,0.010025327404340107,-0.007232523212830227
M22.1-D1-L15,15,D1,1.0,f-completion-09,completion,train,0.012394480407238007,0.10731430351734161,-0.0065801143646240234,-0.0065801143646240234,0.012394480407238007,0.10731430351734161,-0.5162773132324219,-0.5121593475341797,0.0041179656982421875,0.010698080062866211,0.008276514708995819,0.10319633781909943,0.002421565353870392,-0.09249825775623322
M22.1-D1-L0,0,D1,1.0,f-completion-13,completion,train,-0.024309102445840836,-0.0022442080080509186,0.02711375554402669,0.02711375554402669,-0.024309102445840836,-0.0022442080080509186,-4.125369071960449,-4.169730186462402,-0.044361114501953125,0.07147487004597981,0.02005201205611229,0.042116906493902206,0.051422857989867524,0.029357963552077607
M22.1-D1-L8,8,D1,1.0,f-completion-13,completion,train,0.09834209084510803,0.054960157722234726,0.02379457155863444,0.02379457155863444,0.09834209084510803,0.054960157722234726,-4.125369071960449,-4.045351982116699,0.08001708984375,0.056222518285115555,0.018325001001358032,0.025056932121515274,0.03789751728375752,0.03116558616360028
M22.1-D1-L15,15,D1,1.0,f-completion-13,completion,train,-0.026710210368037224,0.09134887158870697,-0.0065801143646240234,-0.0065801143646240234,-0.026710210368037224,0.09134887158870697,-4.125369071960449,-4.146335601806641,-0.020966529846191406,0.014386415481567383,0.0057436805218458176,0.11231540143489838,0.008642734959721565,-0.097928985953331
M22.1-D1-L0,0,D1,1.0,f-instruction-01,instruction,train,0.30169034004211426,0.26239222288131714,0.02711375554402669,0.02711375554402669,0.30169034004211426,0.26239222288131714,0.4691944122314453,0.7213926315307617,0.2521982192993164,0.2250844637552897,0.04949212074279785,0.010194003582000732,0.17559234301249185,0.21489046017328897
M22.1-D1-L8,8,D1,1.0,f-instruction-01,instruction,train,0.14569906890392303,0.09606646001338959,0.02379457155863444,0.02379457155863444,0.14569906890392303,0.09606646001338959,0.4691944122314453,0.6083984375,0.1392040252685547,0.11540945370992024,0.006495043635368347,0.0431375652551651,0.1089144100745519,0.07227188845475514
M22.1-D1-L15,15,D1,1.0,f-instruction-01,instruction,train,-0.041292399168014526,0.20082369446754456,-0.0065801143646240234,-0.0065801143646240234,-0.041292399168014526,0.20082369446754456,0.4691944122314453,0.4301891326904297,-0.039005279541015625,0.0324251651763916,0.0022871196269989014,0.23982897400856018,0.0301380455493927,-0.20740380883216858
M22.1-D1-L0,0,D1,1.0,f-instruction-05,instruction,train,0.1459939032793045,-0.031201787292957306,0.02711375554402669,0.02711375554402669,0.1459939032793045,-0.031201787292957306,-2.615788459777832,-2.4574408531188965,0.15834760665893555,0.13123385111490884,0.012353703379631042,0.18954939395189285,0.1188801477352778,-0.05831554283698401
M22.1-D1-L8,8,D1,1.0,f-instruction-05,instruction,train,0.05153237655758858,-0.0036979801952838898,0.02379457155863444,0.02379457155863444,0.05153237655758858,-0.0036979801952838898,-2.615788459777832,-2.564667224884033,0.05112123489379883,0.027326663335164387,0.00041114166378974915,0.05481921508908272,0.026915521671374638,-0.02749255175391833
M22.1-D1-L15,15,D1,1.0,f-instruction-05,instruction,train,0.002418198622763157,0.024133432656526566,-0.0065801143646240234,-0.0065801143646240234,0.002418198622763157,0.024133432656526566,-2.615788459777832,-2.6111011505126953,0.004687309265136719,0.011267423629760742,0.002269110642373562,0.019446123391389847,0.00899831298738718,-0.008178699761629105
M22.1-D1-L0,0,D1,1.0,f-instruction-09,instruction,train,0.03583009913563728,-0.0045038796961307526,0.02711375554402669,0.02711375554402669,0.03583009913563728,-0.0045038796961307526,-0.6742420196533203,-0.6476173400878906,0.026624679565429688,0.000489075978597004,0.009205419570207596,0.03112855926156044,-0.008716343591610592,-0.030639483282963436
M22.1-D1-L8,8,D1,1.0,f-instruction-09,instruction,train,0.011237520724534988,0.040493033826351166,0.02379457155863444,0.02379457155863444,0.011237520724534988,0.040493033826351166,-0.6742420196533203,-0.6579380035400391,0.01630401611328125,0.007490555445353191,0.005066495388746262,0.024189017713069916,0.0024240600566069297,-0.016698462267716725
M22.1-D1-L15,15,D1,1.0,f-instruction-09,instruction,train,-0.04099578410387039,0.15112482011318207,-0.0065801143646240234,-0.0065801143646240234,-0.04099578410387039,0.15112482011318207,-0.6742420196533203,-0.714935302734375,-0.04069328308105469,0.034113168716430664,0.00030250102281570435,0.19181810319423676,0.03381066769361496,-0.1577049344778061
M22.1-D1-L0,0,D1,1.0,f-instruction-13,instruction,train,0.071851946413517,0.13704445958137512,0.02711375554402669,0.02711375554402669,0.071851946413517,0.13704445958137512,0.0811147689819336,0.15501785278320312,0.07390308380126953,0.04678932825724284,0.002051137387752533,0.06314137578010559,0.04473819086949031,-0.016352047522862748
M22.1-D1-L8,8,D1,1.0,f-instruction-13,instruction,train,0.137403666973114,0.05570197105407715,0.02379457155863444,0.02379457155863444,0.137403666973114,0.05570197105407715,0.0811147689819336,0.2311391830444336,0.1500244140625,0.12622984250386557,0.012620747089385986,0.09432244300842285,0.11360909541447958,0.03190739949544272
M22.1-D1-L15,15,D1,1.0,f-instruction-13,instruction,train,-0.034971922636032104,0.0716572180390358,-0.0065801143646240234,-0.0065801143646240234,-0.034971922636032104,0.0716572180390358,0.0811147689819336,0.045406341552734375,-0.03570842742919922,0.029128313064575195,0.0007365047931671143,0.10736564546823502,0.02839180827140808,-0.07823733240365982
M22.1-D1-L0,0,D1,1.0,f-syntax-01,syntax,train,0.022105852141976357,0.10173254460096359,0.02711375554402669,0.02711375554402669,0.022105852141976357,0.10173254460096359,-5.559054374694824,-5.494338512420654,0.06471586227416992,0.037602106730143234,0.042610010132193565,0.03701668232679367,-0.005007903402050332,0.0005854244033495631
M22.1-D1-L8,8,D1,1.0,f-syntax-01,syntax,train,-0.11447068303823471,0.0155111625790596,0.02379457155863444,0.02379457155863444,-0.11447068303823471,0.0155111625790596,-5.559054374694824,-5.668384552001953,-0.1093301773071289,0.13312474886576334,0.0051405057311058044,0.12484133988618851,0.12798424313465753,0.00828340897957483
M22.1-D1-L15,15,D1,1.0,f-syntax-01,syntax,train,0.048979502171278,0.012913767248392105,-0.0065801143646240234,-0.0065801143646240234,0.048979502171278,0.012913767248392105,-5.559054374694824,-5.506500720977783,0.052553653717041016,0.05913376808166504,0.0035741515457630157,0.03963988646864891,0.05555961653590202,0.01949388161301613
M22.1-D1-L0,0,D1,1.0,f-syntax-05,syntax,train,0.03879240155220032,-0.020078575238585472,0.02711375554402669,0.02711375554402669,0.03879240155220032,-0.020078575238585472,-5.402448654174805,-5.383028507232666,0.019420146942138672,0.00769360860188802,0.019372254610061646,0.039498722180724144,-0.011678646008173626,-0.03180511357883613
M22.1-D1-L8,8,D1,1.0,f-syntax-05,syntax,train,0.016155906021595,0.04397280514240265,0.02379457155863444,0.02379457155863444,0.016155906021595,0.04397280514240265,-5.402448654174805,-5.383112907409668,0.01933574676513672,0.0044588247934977225,0.0031798407435417175,0.02463705837726593,0.001278984049956005,-0.020178233583768208
M22.1-D1-L15,15,D1,1.0,f-syntax-05,syntax,train,-0.01969345659017563,0.03175470978021622,-0.0065801143646240234,-0.0065801143646240234,-0.01969345659017563,0.03175470978021622,-5.402448654174805,-5.418478965759277,-0.016030311584472656,0.009450197219848633,0.0036631450057029724,0.04778502136468887,0.00578705221414566,-0.03833482414484024
M22.1-D1-L0,0,D1,1.0,f-syntax-09,syntax,train,-0.06050081551074982,-0.0702364444732666,0.02711375554402669,0.02711375554402669,-0.06050081551074982,-0.0702364444732666,-5.67057991027832,-5.7357916831970215,-0.06521177291870117,0.09232552846272786,0.004710957407951355,0.00502467155456543,0.0876145710547765,0.08730085690816243
M22.1-D1-L8,8,D1,1.0,f-syntax-09,syntax,train,-0.001385621726512909,0.06360366940498352,0.02379457155863444,0.02379457155863444,-0.001385621726512909,0.06360366940498352,-5.67057991027832,-5.663697242736816,0.006882667541503906,0.016911904017130535,0.008268289268016815,0.056721001863479614,0.00864361474911372,-0.039809097846349076
M22.1-D1-L15,15,D1,1.0,f-syntax-09,syntax,train,0.003237202763557434,0.043057993054389954,-0.0065801143646240234,-0.0065801143646240234,0.003237202763557434,0.043057993054389954,-5.67057991027832,-5.662888526916504,0.007691383361816406,0.01427149772644043,0.004454180598258972,0.03536660969257355,0.009817317128181458,-0.021095111966133118
M22.1-D1-L0,0,D1,1.0,f-syntax-13,syntax,train,-0.05200079828500748,-0.05538270249962807,0.02711375554402669,0.02711375554402669,-0.05200079828500748,-0.05538270249962807,-5.054102897644043,-5.116596221923828,-0.062493324279785156,0.08960707982381184,0.01049252599477768,0.007110621780157089,0.07911455382903416,0.08249645804365476
M22.1-D1-L8,8,D1,1.0,f-syntax-13,syntax,train,-0.011816270649433136,0.00028544478118419647,0.02379457155863444,0.02379457155863444,-0.011816270649433136,0.00028544478118419647,-5.054102897644043,-5.070468902587891,-0.016366004943847656,0.0401605765024821,0.00454973429441452,0.016651449725031853,0.03561084220806758,0.023509126777450248
M22.1-D1-L15,15,D1,1.0,f-syntax-13,syntax,train,0.10196946561336517,0.01282629743218422,-0.0065801143646240234,-0.0065801143646240234,0.10196946561336517,0.01282629743218422,-5.054102897644043,-4.948770046234131,0.10533285140991211,0.11191296577453613,0.003363385796546936,0.09250655397772789,0.1085495799779892,0.019406411796808243
M22.1-D1-L0,0,D1,1.0,f-completion-02,completion,validation,0.029129117727279663,0.016490519046783447,0.02711375554402669,0.02711375554402669,0.029129117727279663,0.016490519046783447,-9.057766914367676,-9.021444320678711,0.036322593688964844,0.009208838144938152,0.007193475961685181,0.019832074642181396,0.0020153621832529715,-0.010623236497243244
M22.1-D1-L8,8,D1,1.0,f-completion-02,completion,validation,-0.07301411777734756,0.03569062799215317,0.02379457155863444,0.02379457155863444,-0.07301411777734756,0.03569062799215317,-9.057766914367676,-9.132596969604492,-0.0748300552368164,0.09862462679545085,0.0018159374594688416,0.11052068322896957,0.09680868933598201,-0.011896056433518723
M22.1-D1-L15,15,D1,1.0,f-completion-02,completion,validation,0.04449958726763725,-0.00833403691649437,-0.0065801143646240234,-0.0065801143646240234,0.04449958726763725,-0.00833403691649437,-9.057766914367676,-9.013557434082031,0.04420948028564453,0.050789594650268555,0.00029010698199272156,0.0525435172021389,0.05049948766827583,-0.001753922551870346
M22.1-D1-L0,0,D1,1.0,f-completion-06,completion,validation,-0.04907407611608505,-0.08584758639335632,0.02711375554402669,0.02711375554402669,-0.04907407611608505,-0.08584758639335632,-6.1125593185424805,-6.155355453491211,-0.04279613494873047,0.06990989049275716,0.006277941167354584,0.043051451444625854,0.06363194932540257,0.026858439048131302
M22.1-D1-L8,8,D1,1.0,f-completion-06,completion,validation,-0.16349554061889648,0.10421555489301682,0.02379457155863444,0.02379457155863444,-0.16349554061889648,0.10421555489301682,-6.1125593185424805,-6.277178764343262,-0.16461944580078125,0.18841401735941568,0.0011239051818847656,0.26883500069379807,0.18729011217753092,-0.08042098333438238
M22.1-D1-L15,15,D1,1.0,f-completion-06,completion,validation,0.027796588838100433,-0.06969540566205978,-0.0065801143646240234,-0.0065801143646240234,0.027796588838100433,-0.06969540566205978,-6.1125593185424805,-6.085117340087891,0.027441978454589844,0.03402209281921387,0.0003546103835105896,0.09713738411664963,0.03366748243570328,-0.06311529129743576
M22.1-D1-L0,0,D1,1.0,f-completion-10,completion,validation,0.0720224529504776,-0.03151091933250427,0.02711375554402669,0.02711375554402669,0.0720224529504776,-0.03151091933250427,-5.325103282928467,-5.258557319641113,0.06654596328735352,0.03943220774332683,0.0054764896631240845,0.09805688261985779,0.03395571808020274,-0.05862467487653096
M22.1-D1-L8,8,D1,1.0,f-completion-10,completion,validation,0.02015969529747963,0.051442187279462814,0.02379457155863444,0.02379457155863444,0.02015969529747963,0.051442187279462814,-5.325103282928467,-5.28727388381958,0.03782939910888672,0.014034827550252277,0.01766970381140709,0.013612788170576096,-0.0036348762611548117,0.0004220393796761819
M22.1-D1-L15,15,D1,1.0,f-completion-10,completion,validation,0.007744249887764454,-0.003611266613006592,-0.0065801143646240234,-0.0065801143646240234,0.007744249887764454,-0.003611266613006592,-5.325103282928467,-5.308450222015381,0.016653060913085938,0.02323317527770996,0.008908811025321484,0.02026432752609253,0.014324364252388477,0.0029688477516174316
M22.1-D1-L0,0,D1,1.0,f-completion-14,completion,validation,0.05450523644685745,-0.08531105518341064,0.02711375554402669,0.02711375554402669,0.05450523644685745,-0.08531105518341064,-10.68114948272705,-10.658533096313477,0.02261638641357422,0.004497369130452473,0.031888850033283234,0.10792744159698486,-0.02739148090283076,-0.1034300724665324
M22.1-D1-L8,8,D1,1.0,f-completion-14,completion,validation,-0.0275137796998024,0.04793454706668854,0.02379457155863444,0.02379457155863444,-0.0275137796998024,0.04793454706668854,-10.68114948272705,-10.710205078125,-0.02905559539794922,0.052850166956583663,0.00154181569814682,0.07699014246463776,0.05130835125843684,-0.024139975508054093
M22.1-D1-L15,15,D1,1.0,f-completion-14,completion,validation,-0.14287817478179932,0.057890549302101135,-0.0065801143646240234,-0.0065801143646240234,-0.14287817478179932,0.057890549302101135,-10.68114948272705,-10.817976951599121,-0.1368274688720703,0.1302473545074463,0.006050705909729004,0.19471801817417145,0.12419664859771729,-0.06447066366672516
M22.1-D1-L0,0,D1,1.0,f-instruction-02,instruction,validation,0.03393573686480522,-0.04671277850866318,0.02711375554402669,0.02711375554402669,0.03393573686480522,-0.04671277850866318,-1.8337059020996094,-1.8410396575927734,-0.0073337554931640625,0.03444751103719075,0.041269492357969284,0.039379023015499115,-0.0068219813207785335,-0.004931511978308364
M22.1-D1-L8,8,D1,1.0,f-instruction-02,instruction,validation,0.17953956127166748,0.14199689030647278,0.02379457155863444,0.02379457155863444,0.17953956127166748,0.14199689030647278,-1.8337059020996094,-1.6734809875488281,0.16022491455078125,0.13643034299214682,0.01931464672088623,0.01822802424430847,0.11711569627126059,0.11820231874783835
M22.1-D1-L15,15,D1,1.0,f-instruction-02,instruction,validation,0.010804180055856705,0.09739327430725098,-0.0065801143646240234,-0.0065801143646240234,0.010804180055856705,0.09739327430725098,-1.8337059020996094,-1.8195018768310547,0.014204025268554688,0.02078413963317871,0.003399845212697983,0.08318924903869629,0.017384294420480728,-0.06240510940551758
M22.1-D1-L0,0,D1,1.0,f-instruction-06,instruction,validation,0.21392478048801422,-0.14097395539283752,0.02711375554402669,0.02711375554402669,0.21392478048801422,-0.14097395539283752,-2.1044769287109375,-2.0021047592163086,0.1023721694946289,0.07525841395060222,0.11155261099338531,0.24334612488746643,-0.0362941970427831,-0.1680877109368642
M22.1-D1-L8,8,D1,1.0,f-instruction-06,instruction,validation,0.058052439242601395,-0.029584839940071106,0.02379457155863444,0.02379457155863444,0.058052439242601395,-0.029584839940071106,-2.1044769287109375,-2.03005313873291,0.07442378997802734,0.0506292184193929,0.01637135073542595,0.10400862991809845,0.03425786768396695,-0.05337941149870555
M22.1-D1-L15,15,D1,1.0,f-instruction-06,instruction,validation,-0.139365553855896,0.11776064336299896,-0.0065801143646240234,-0.0065801143646240234,-0.139365553855896,0.11776064336299896,-2.1044769287109375,-2.239706039428711,-0.13522911071777344,0.12864899635314941,0.004136443138122559,0.2529897540807724,0.12451255321502686,-0.12434075772762299
M22.1-D1-L0,0,D1,1.0,f-instruction-10,instruction,validation,-0.029176823794841766,0.056400496512651443,0.02711375554402669,0.02711375554402669,-0.029176823794841766,0.056400496512651443,-0.5481224060058594,-0.5998268127441406,-0.05170440673828125,0.07881816228230794,0.022527582943439484,0.1081049032509327,0.056290579338868454,-0.029286740968624755
M22.1-D1-L8,8,D1,1.0,f-instruction-10,instruction,validation,-0.010010774247348309,0.06192026287317276,0.02379457155863444,0.02379457155863444,-0.010010774247348309,0.06192026287317276,-0.5481224060058594,-0.5631990432739258,-0.015076637268066406,0.03887120882670085,0.005065863020718098,0.07699690014123917,0.03380534580598275,-0.038125691314538315
M22.1-D1-L15,15,D1,1.0,f-instruction-10,instruction,validation,-0.012882580980658531,0.0066254474222660065,-0.0065801143646240234,-0.0065801143646240234,-0.012882580980658531,0.0066254474222660065,-0.5481224060058594,-0.5593652725219727,-0.011242866516113281,0.004662752151489258,0.00163971446454525,0.017868313938379288,0.003023037686944008,-0.01320556178689003
M22.1-D1-L0,0,D1,1.0,f-instruction-14,instruction,validation,-0.1689046323299408,0.005482934415340424,0.02711375554402669,0.02711375554402669,-0.1689046323299408,0.005482934415340424,-0.795557975769043,-0.8334770202636719,-0.037919044494628906,0.0650328000386556,0.1309855878353119,0.04340197890996933,-0.0659527877966563,0.021630821128686264
M22.1-D1-L8,8,D1,1.0,f-instruction-14,instruction,validation,-0.005854565650224686,-0.019221115857362747,0.02379457155863444,0.02379457155863444,-0.005854565650224686,-0.019221115857362747,-0.795557975769043,-0.7963190078735352,-0.0007610321044921875,0.02455560366312663,0.005093533545732498,0.01846008375287056,0.01946207011739413,0.006095519910256069
M22.1-D1-L15,15,D1,1.0,f-instruction-14,instruction,validation,-0.0711648017168045,0.15951216220855713,-0.0065801143646240234,-0.0065801143646240234,-0.0711648017168045,0.15951216220855713,-0.795557975769043,-0.867588996887207,-0.07203102111816406,0.06545090675354004,0.0008662194013595581,0.2315431833267212,0.06458468735218048,-0.16609227657318115
M22.1-D1-L0,0,D1,1.0,f-syntax-02,syntax,validation,-0.04653638228774071,0.01654232107102871,0.02711375554402669,0.02711375554402669,-0.04653638228774071,0.01654232107102871,-3.757542610168457,-3.839479446411133,-0.08193683624267578,0.10905059178670247,0.035400453954935074,0.09847915731370449,0.0736501378317674,0.010571434472997979
M22.1-D1-L8,8,D1,1.0,f-syntax-02,syntax,validation,-0.06544593721628189,0.04986630007624626,0.02379457155863444,0.02379457155863444,-0.06544593721628189,0.04986630007624626,-3.757542610168457,-3.8163766860961914,-0.058834075927734375,0.08262864748636882,0.006611861288547516,0.10870037600398064,0.0760167861978213,-0.026071728517611817
M22.1-D1-L15,15,D1,1.0,f-syntax-02,syntax,validation,0.0326075479388237,0.021935638040304184,-0.0065801143646240234,-0.0065801143646240234,0.0326075479388237,0.021935638040304184,-3.757542610168457,-3.7232837677001953,0.03425884246826172,0.04083895683288574,0.0016512945294380188,0.012323204427957535,0.03918766230344772,0.028515752404928207
M22.1-D1-L0,0,D1,1.0,f-syntax-06,syntax,validation,-0.006825301796197891,0.009076043963432312,0.02711375554402669,0.02711375554402669,-0.006825301796197891,0.009076043963432312,-5.618478775024414,-5.6421051025390625,-0.023626327514648438,0.050740083058675126,0.016801025718450546,0.03270237147808075,0.03393905734022458,0.018037711580594376
M22.1-D1-L8,8,D1,1.0,f-syntax-06,syntax,validation,0.02842426300048828,0.11444617062807083,0.02379457155863444,0.02379457155863444,0.02842426300048828,0.11444617062807083,-5.618478775024414,-5.582761764526367,0.035717010498046875,0.011922438939412434,0.007292747497558594,0.07872916013002396,0.00462969144185384,-0.06680672119061153
M22.1-D1-L15,15,D1,1.0,f-syntax-06,syntax,validation,-0.03792953118681908,0.02234305813908577,-0.0065801143646240234,-0.0065801143646240234,-0.03792953118681908,0.02234305813908577,-5.618478775024414,-5.652151107788086,-0.033672332763671875,0.02709221839904785,0.0042571984231472015,0.056015390902757645,0.02283501997590065,-0.028923172503709793
M22.1-D1-L0,0,D1,1.0,f-syntax-10,syntax,validation,-0.015390846878290176,0.037969328463077545,0.02711375554402669,0.02711375554402669,-0.015390846878290176,0.037969328463077545,-2.630697250366211,-2.663546562194824,-0.03284931182861328,0.05996306737263997,0.017458464950323105,0.07081864029169083,0.042504602422316864,-0.010855572919050857
M22.1-D1-L8,8,D1,1.0,f-syntax-10,syntax,validation,-0.014127515256404877,0.0018338561058044434,0.02379457155863444,0.02379457155863444,-0.014127515256404877,0.0018338561058044434,-2.630697250366211,-2.6464576721191406,-0.015760421752929688,0.03955499331156413,0.0016329064965248108,0.01759427785873413,0.03792208681503932,0.02196071545283
M22.1-D1-L15,15,D1,1.0,f-syntax-10,syntax,validation,0.011577419936656952,-0.03244820609688759,-0.0065801143646240234,-0.0065801143646240234,0.011577419936656952,-0.03244820609688759,-2.630697250366211,-2.6176576614379883,0.013039588928222656,0.01961970329284668,0.0014621689915657043,0.045487795025110245,0.018157534301280975,-0.025868091732263565
M22.1-D1-L0,0,D1,1.0,f-syntax-14,syntax,validation,0.011194087564945221,0.009793385863304138,0.02711375554402669,0.02711375554402669,0.011194087564945221,0.009793385863304138,-2.8792991638183594,-2.8813657760620117,-0.0020666122436523438,0.029180367787679035,0.013260699808597565,0.011859998106956482,0.01591966797908147,0.017320369680722553
M22.1-D1-L8,8,D1,1.0,f-syntax-14,syntax,validation,-0.005464181303977966,0.05361168086528778,0.02379457155863444,0.02379457155863444,-0.005464181303977966,0.05361168086528778,-2.8792991638183594,-2.8826818466186523,-0.0033826828002929688,0.02717725435892741,0.0020814985036849976,0.05699436366558075,0.025095755855242412,-0.02981710930665334
M22.1-D1-L15,15,D1,1.0,f-syntax-14,syntax,validation,-0.025376662611961365,0.0854586660861969,-0.0065801143646240234,-0.0065801143646240234,-0.025376662611961365,0.0854586660861969,-2.8792991638183594,-2.906719207763672,-0.0274200439453125,0.020839929580688477,0.0020433813333511353,0.1128787100315094,0.01879654824733734,-0.09203878045082092
M22.1-D1-L0,0,D1,1.0,f-completion-03,completion,evaluation,-0.07320243120193481,-0.029260411858558655,0.02711375554402669,0.02711375554402669,-0.07320243120193481,-0.029260411858558655,-3.4409332275390625,-3.510019302368164,-0.06908607482910156,0.09619983037312825,0.004116356372833252,0.03982566297054291,0.092083474000295,0.05637416740258534
M22.1-D1-L8,8,D1,1.0,f-completion-03,completion,evaluation,-0.0894838497042656,-0.013042652979493141,0.02379457155863444,0.02379457155863444,-0.0894838497042656,-0.013042652979493141,-3.4409332275390625,-3.541008949279785,-0.10007572174072266,0.1238702932993571,0.010591872036457062,0.08703306876122952,0.11327842126290004,0.036837224538127586
M22.1-D1-L15,15,D1,1.0,f-completion-03,completion,evaluation,-0.040235381573438644,0.0636783316731453,-0.0065801143646240234,-0.0065801143646240234,-0.040235381573438644,0.0636783316731453,-3.4409332275390625,-3.4774818420410156,-0.036548614501953125,0.0299685001373291,0.0036867670714855194,0.10022694617509842,0.026281733065843582,-0.07025844603776932
M22.1-D1-L0,0,D1,1.0,f-completion-07,completion,evaluation,0.06784506142139435,-0.03017023205757141,0.02711375554402669,0.02711375554402669,0.06784506142139435,-0.03017023205757141,-3.2303500175476074,-3.1891727447509766,0.04117727279663086,0.014063517252604168,0.02666778862476349,0.07134750485420227,-0.012604271372159321,-0.0572839876015981
M22.1-D1-L8,8,D1,1.0,f-completion-07,completion,evaluation,-0.05233680456876755,-0.015200051479041576,0.02379457155863444,0.02379457155863444,-0.05233680456876755,-0.015200051479041576,-3.2303500175476074,-3.293727397918701,-0.06337738037109375,0.0871719519297282,0.011040575802326202,0.048177328892052174,0.07613137612740199,0.03899462303767602
M22.1-D1-L15,15,D1,1.0,f-completion-07,completion,evaluation,0.03693461790680885,0.021351594477891922,-0.0065801143646240234,-0.0065801143646240234,0.03693461790680885,0.021351594477891922,-3.2303500175476074,-3.1943283081054688,0.03602170944213867,0.042601823806762695,0.0009129084646701813,0.01467011496424675,0.041688915342092514,0.027931708842515945
M22.1-D1-L0,0,D1,1.0,f-completion-11,completion,evaluation,0.015193667262792587,0.06772424280643463,0.02711375554402669,0.02711375554402669,0.015193667262792587,0.06772424280643463,-0.7530059814453125,-0.7281303405761719,0.024875640869140625,0.0022381146748860666,0.009681973606348038,0.042848601937294006,-0.007443858931461971,-0.04061048726240794
M22.1-D1-L8,8,D1,1.0,f-completion-11,completion,evaluation,0.031169235706329346,-0.10008778423070908,0.02379457155863444,0.02379457155863444,0.031169235706329346,-0.10008778423070908,-0.7530059814453125,-0.7177286148071289,0.035277366638183594,0.011482795079549152,0.004108130931854248,0.13536515086889267,0.0073746641476949044,-0.12388235578934352
M22.1-D1-L15,15,D1,1.0,f-completion-11,completion,evaluation,-0.06211288273334503,0.051969077438116074,-0.0065801143646240234,-0.0065801143646240234,-0.06211288273334503,0.051969077438116074,-0.7530059814453125,-0.815887451171875,-0.0628814697265625,0.05630135536193848,0.0007685869932174683,0.11485054716467857,0.05553276836872101,-0.0585491918027401
M22.1-D1-L0,0,D1,1.0,f-completion-15,completion,evaluation,-0.06233097240328789,0.0017968416213989258,0.02711375554402669,0.02711375554402669,-0.06233097240328789,0.0017968416213989258,-3.4191646575927734,-3.4874963760375977,-0.06833171844482422,0.0954454739888509,0.006000746041536331,0.07012856006622314,0.08944472794731458,0.025316913922627762
M22.1-D1-L8,8,D1,1.0,f-completion-15,completion,evaluation,-0.016478676348924637,0.009420258924365044,0.02379457155863444,0.02379457155863444,-0.016478676348924637,0.009420258924365044,-3.4191646575927734,-3.4307618141174316,-0.011597156524658203,0.03539172808329265,0.004881519824266434,0.021017415449023247,0.030510208259026214,0.014374312634269401
M22.1-D1-L15,15,D1,1.0,f-completion-15,completion,evaluation,-0.04246942698955536,0.02036009170114994,-0.0065801143646240234,-0.0065801143646240234,-0.04246942698955536,0.02036009170114994,-3.4191646575927734,-3.46462345123291,-0.04545879364013672,0.038878679275512695,0.00298936665058136,0.06581888534128666,0.035889312624931335,-0.026940206065773964
M22.1-D1-L0,0,D1,1.0,f-instruction-03,instruction,evaluation,-0.14956995844841003,0.017403505742549896,0.02711375554402669,0.02711375554402669,-0.14956995844841003,0.017403505742549896,0.36081981658935547,0.22939300537109375,-0.13142681121826172,0.15854056676228842,0.018143147230148315,0.14883031696081161,0.1403974195321401,0.009710249801476806
M22.1-D1-L8,8,D1,1.0,f-instruction-03,instruction,evaluation,-0.053337689489126205,0.07501828670501709,0.02379457155863444,0.02379457155863444,-0.053337689489126205,0.07501828670501709,0.36081981658935547,0.31008148193359375,-0.05073833465576172,0.07453290621439616,0.0025993548333644867,0.1257566213607788,0.07193355138103168,-0.051223715146382645
M22.1-D1-L15,15,D1,1.0,f-instruction-03,instruction,evaluation,-0.10988956689834595,0.08332010358572006,-0.0065801143646240234,-0.0065801143646240234,-0.10988956689834595,0.08332010358572006,0.36081981658935547,0.24755191802978516,-0.11326789855957031,0.10668778419494629,0.0033783316612243652,0.19658800214529037,0.10330945253372192,-0.08990021795034409
M22.1-D1-L0,0,D1,1.0,f-instruction-07,instruction,evaluation,-0.008731260895729065,-0.17939984798431396,0.02711375554402669,0.02711375554402669,-0.008731260895729065,-0.17939984798431396,-1.2662525177001953,-1.2682151794433594,-0.0019626617431640625,0.029076417287190754,0.0067685991525650024,0.1774371862411499,0.02230781813462575,-0.14836076895395914
M22.1-D1-L8,8,D1,1.0,f-instruction-07,instruction,evaluation,-0.025936177000403404,0.026085959747433662,0.02379457155863444,0.02379457155863444,-0.025936177000403404,0.026085959747433662,-1.2662525177001953,-1.2901020050048828,-0.0238494873046875,0.047644058863321945,0.0020866896957159042,0.04993544705212116,0.04555736916760604,-0.0022913881887992177
M22.1-D1-L15,15,D1,1.0,f-instruction-07,instruction,evaluation,-0.019454315304756165,0.09276699274778366,-0.0065801143646240234,-0.0065801143646240234,-0.019454315304756165,0.09276699274778366,-1.2662525177001953,-1.2800626754760742,-0.013810157775878906,0.007230043411254883,0.005644157528877258,0.10657715052366257,0.0015858858823776245,-0.09934710711240768
M22.1-D1-L0,0,D1,1.0,f-instruction-11,instruction,evaluation,-0.006133798509836197,-0.018766924738883972,0.02711375554402669,0.02711375554402669,-0.006133798509836197,-0.018766924738883972,-0.11504840850830078,-0.130615234375,-0.015566825866699219,0.04268058141072591,0.009433027356863022,0.0032000988721847534,0.033247554053862885,0.03948048253854115
M22.1-D1-L8,8,D1,1.0,f-instruction-11,instruction,evaluation,0.04885057732462883,-0.04783346503973007,0.02379457155863444,0.02379457155863444,0.04885057732462883,-0.04783346503973007,-0.11504840850830078,-0.06513214111328125,0.04991626739501953,0.02612169583638509,0.0010656900703907013,0.0977497324347496,0.02505600576599439,-0.07162803659836452
M22.1-D1-L15,15,D1,1.0,f-instruction-11,instruction,evaluation,-0.04319439083337784,0.02670951932668686,-0.0065801143646240234,-0.0065801143646240234,-0.04319439083337784,0.02670951932668686,-0.11504840850830078,-0.15483474731445312,-0.039786338806152344,0.03320622444152832,0.0034080520272254944,0.0664958581328392,0.029798172414302826,-0.03328963369131088
M22.1-D1-L0,0,D1,1.0,f-instruction-15,instruction,evaluation,-0.022688111290335655,0.021816272288560867,0.02711375554402669,0.02711375554402669,-0.022688111290335655,0.021816272288560867,-1.6959562301635742,-1.7081069946289062,-0.012150764465332031,0.03926452000935872,0.010537346825003624,0.0339670367538929,0.028727173184355095,0.005297483255465821
M22.1-D1-L8,8,D1,1.0,f-instruction-15,instruction,evaluation,-0.00862779002636671,0.08190248906612396,0.02379457155863444,0.02379457155863444,-0.00862779002636671,0.08190248906612396,-1.6959562301635742,-1.69415283203125,0.0018033981323242188,0.021991173426310223,0.01043118815869093,0.08009909093379974,0.011559985267619293,-0.05810791750748952
M22.1-D1-L15,15,D1,1.0,f-instruction-15,instruction,evaluation,0.005055692046880722,0.0737297385931015,-0.0065801143646240234,-0.0065801143646240234,0.005055692046880722,0.0737297385931015,-1.6959562301635742,-1.6907920837402344,0.005164146423339844,0.011744260787963867,0.0001084543764591217,0.06856559216976166,0.011635806411504745,-0.05682133138179779
M22.1-D1-L0,0,D1,1.0,f-syntax-03,syntax,evaluation,0.036309774965047836,-0.11431552469730377,0.02711375554402669,0.02711375554402669,0.036309774965047836,-0.11431552469730377,-3.796445846557617,-3.768122673034668,0.02832317352294922,0.0012094179789225272,0.007986601442098618,0.142638698220253,-0.00677718346317609,-0.14142928024133047
M22.1-D1-L8,8,D1,1.0,f-syntax-03,syntax,evaluation,-0.06784725189208984,-0.07244063913822174,0.02379457155863444,0.02379457155863444,-0.06784725189208984,-0.07244063913822174,-3.796445846557617,-3.8567028045654297,-0.0602569580078125,0.08405152956644694,0.007590293884277344,0.01218368113040924,0.0764612356821696,0.0718678484360377
M22.1-D1-L15,15,D1,1.0,f-syntax-03,syntax,evaluation,0.027902252972126007,0.0001753140240907669,-0.0065801143646240234,-0.0065801143646240234,0.027902252972126007,0.0001753140240907669,-3.796445846557617,-3.769411087036133,0.027034759521484375,0.0336148738861084,0.0008674934506416321,0.026859445497393608,0.032747380435466766,0.00675542838871479
M22.1-D1-L0,0,D1,1.0,f-syntax-07,syntax,evaluation,0.03086620196700096,0.04384564980864525,0.02711375554402669,0.02711375554402669,0.03086620196700096,0.04384564980864525,-2.932438850402832,-2.880159854888916,0.052278995513916016,0.025165239969889324,0.021412793546915054,0.008433345705270767,0.0037524464229742698,0.016731894264618557
M22.1-D1-L8,8,D1,1.0,f-syntax-07,syntax,evaluation,-0.052515655755996704,0.08463389426469803,0.02379457155863444,0.02379457155863444,-0.052515655755996704,0.08463389426469803,-2.932438850402832,-2.968240737915039,-0.03580188751220703,0.059596459070841476,0.016713768243789673,0.12043578177690506,0.0428826908270518,-0.060839322706063584
M22.1-D1-L15,15,D1,1.0,f-syntax-07,syntax,evaluation,0.003782711923122406,0.03478648513555527,-0.0065801143646240234,-0.0065801143646240234,0.003782711923122406,0.03478648513555527,-2.932438850402832,-2.92641544342041,0.006023406982421875,0.012603521347045898,0.002240695059299469,0.028763078153133392,0.01036282628774643,-0.016159556806087494
M22.1-D1-L0,0,D1,1.0,f-syntax-11,syntax,evaluation,0.024837350472807884,-0.03855983167886734,0.02711375554402669,0.02711375554402669,0.024837350472807884,-0.03855983167886734,-7.253676414489746,-7.221852779388428,0.03182363510131836,0.004709879557291668,0.006986284628510475,0.0703834667801857,-0.0022764050712188073,-0.06567358722289403
M22.1-D1-L8,8,D1,1.0,f-syntax-11,syntax,evaluation,-0.02487958036363125,0.039407745003700256,0.02379457155863444,0.02379457155863444,-0.02487958036363125,0.039407745003700256,-7.253676414489746,-7.268520355224609,-0.014843940734863281,0.038638512293497726,0.010035639628767967,0.05425168573856354,0.02860287266472976,-0.015613173445065812
M22.1-D1-L15,15,D1,1.0,f-syntax-11,syntax,evaluation,0.017649877816438675,0.025159291923046112,-0.0065801143646240234,-0.0065801143646240234,0.017649877816438675,0.025159291923046112,-7.253676414489746,-7.227977275848389,0.025699138641357422,0.032279253005981445,0.008049260824918747,0.0005398467183113098,0.0242299921810627,0.031739406287670135
M22.1-D1-L0,0,D1,1.0,f-syntax-15,syntax,evaluation,0.12037195265293121,0.15798836946487427,0.02711375554402669,0.02711375554402669,0.12037195265293121,0.15798836946487427,-2.6672821044921875,-2.511045455932617,0.1562366485595703,0.1291228930155436,0.0358646959066391,0.001751720905303955,0.09325819710890451,0.12737117211023966
M22.1-D1-L8,8,D1,1.0,f-syntax-15,syntax,evaluation,-0.004128013737499714,-0.005658124573528767,0.02379457155863444,0.02379457155863444,-0.004128013737499714,-0.005658124573528767,-2.6672821044921875,-2.6733522415161133,-0.006070137023925781,0.029864708582560223,0.0019421232864260674,0.0004120124503970146,0.027922585296134155,0.029452696132163208
M22.1-D1-L15,15,D1,1.0,f-syntax-15,syntax,evaluation,-0.03997602313756943,0.04714420437812805,-0.0065801143646240234,-0.0065801143646240234,-0.03997602313756943,0.04714420437812805,-2.6672821044921875,-2.7089405059814453,-0.04165840148925781,0.03507828712463379,0.001682378351688385,0.08880260586738586,0.033395908772945404,-0.053724318742752075
M22.1-D1-L0,0,D1,1.0,f-completion-04,completion,replication,0.03132893890142441,-0.07490323483943939,0.02711375554402669,0.02711375554402669,0.03132893890142441,-0.07490323483943939,-5.419118881225586,-5.364743232727051,0.054375648498535156,0.027261892954508465,0.02304670959711075,0.12927888333797455,0.004215183357397716,-0.10201699038346608
M22.1-D1-L8,8,D1,1.0,f-completion-04,completion,replication,-0.009856524877250195,-0.030332310125231743,0.02379457155863444,0.02379457155863444,-0.009856524877250195,-0.030332310125231743,-5.419118881225586,-5.426609039306641,-0.0074901580810546875,0.03128472963968913,0.002366366796195507,0.022842152044177055,0.028918362843493625,0.008442577595512077
M22.1-D1-L15,15,D1,1.0,f-completion-04,completion,replication,-0.049651507288217545,0.008143564686179161,-0.0065801143646240234,-0.0065801143646240234,-0.049651507288217545,0.008143564686179161,-5.419118881225586,-5.463544845581055,-0.04442596435546875,0.03784584999084473,0.0052255429327487946,0.05256952904164791,0.03262030705809593,-0.014723679050803185
M22.1-D1-L0,0,D1,1.0,f-completion-08,completion,replication,0.07740987837314606,0.03135401010513306,0.02711375554402669,0.02711375554402669,0.07740987837314606,0.03135401010513306,-3.0273571014404297,-2.968332290649414,0.059024810791015625,0.03191105524698894,0.018385067582130432,0.02767080068588257,0.013525987664858505,0.0042402545611063686
M22.1-D1-L8,8,D1,1.0,f-completion-08,completion,replication,0.004947297275066376,-0.03936760872602463,0.02379457155863444,0.02379457155863444,0.004947297275066376,-0.03936760872602463,-3.0273571014404297,-3.0215444564819336,0.005812644958496094,0.017981926600138348,0.000865347683429718,0.04518025368452072,0.01711657891670863,-0.027198327084382374
M22.1-D1-L15,15,D1,1.0,f-completion-08,completion,replication,-0.004053337499499321,-0.04139692336320877,-0.0065801143646240234,-0.0065801143646240234,-0.004053337499499321,-0.04139692336320877,-3.0273571014404297,-3.0344882011413574,-0.007131099700927734,0.0005509853363037109,0.0030777622014284134,0.034265823662281036,-0.0025267768651247025,-0.033714838325977325
M22.1-D1-L0,0,D1,1.0,f-completion-12,completion,replication,-0.11530649662017822,0.07355429977178574,0.02711375554402669,0.02711375554402669,-0.11530649662017822,0.07355429977178574,-4.670976638793945,-4.775519847869873,-0.10454320907592773,0.13165696461995444,0.010763287544250488,0.17809750884771347,0.12089367707570395,-0.046440544227759034
M22.1-D1-L8,8,D1,1.0,f-completion-12,completion,replication,-0.06108071655035019,-0.040960993617773056,0.02379457155863444,0.02379457155863444,-0.06108071655035019,-0.040960993617773056,-4.670976638793945,-4.724259853363037,-0.0532832145690918,0.07707778612772624,0.007797501981258392,0.01232222095131874,0.06928028414646785,0.0647555651764075
M22.1-D1-L15,15,D1,1.0,f-completion-12,completion,replication,-0.1571236550807953,0.004509221762418747,-0.0065801143646240234,-0.0065801143646240234,-0.1571236550807953,0.004509221762418747,-4.670976638793945,-4.827286720275879,-0.1563100814819336,0.14972996711730957,0.0008135735988616943,0.16081930324435234,0.14891639351844788,-0.01108933612704277
M22.1-D1-L0,0,D1,1.0,f-completion-16,completion,replication,-0.027738921344280243,-0.0666559636592865,0.02711375554402669,0.02711375554402669,-0.027738921344280243,-0.0666559636592865,-4.360742568969727,-4.353907585144043,0.006834983825683594,0.020278771718343098,0.03457390516996384,0.07349094748497009,-0.014295133451620739,-0.053212175766627
M22.1-D1-L8,8,D1,1.0,f-completion-16,completion,replication,-0.02308698557317257,-0.01856294460594654,0.02379457155863444,0.02379457155863444,-0.02308698557317257,-0.01856294460594654,-4.360742568969727,-4.3812103271484375,-0.020467758178710938,0.04426232973734538,0.0026192273944616318,0.0019048135727643967,0.04164310234288375,0.042357516164580986
M22.1-D1-L15,15,D1,1.0,f-completion-16,completion,replication,-0.12236484885215759,0.015233311802148819,-0.0065801143646240234,-0.0065801143646240234,-0.12236484885215759,0.015233311802148819,-4.360742568969727,-4.4811859130859375,-0.12044334411621094,0.11386322975158691,0.0019215047359466553,0.13567665591835976,0.11194172501564026,-0.021813426166772842
M22.1-D1-L0,0,D1,1.0,f-instruction-04,instruction,replication,0.23888465762138367,0.03917951509356499,0.02711375554402669,0.02711375554402669,0.23888465762138367,0.03917951509356499,1.2211589813232422,1.482172966003418,0.2610139846801758,0.23390022913614908,0.022129327058792114,0.2218344695866108,0.21177090207735697,0.012065759549538285
M22.1-D1-L8,8,D1,1.0,f-instruction-04,instruction,replication,0.06045856326818466,-0.1451476812362671,0.02379457155863444,0.02379457155863444,0.06045856326818466,-0.1451476812362671,1.2211589813232422,1.2704029083251953,0.049243927001953125,0.025449355443318684,0.011214636266231537,0.19439160823822021,0.014234719177087147,-0.16894225279490152
M22.1-D1-L15,15,D1,1.0,f-instruction-04,instruction,replication,-0.08192016929388046,0.008094901219010353,-0.0065801143646240234,-0.0065801143646240234,-0.08192016929388046,0.008094901219010353,1.2211589813232422,1.1356620788574219,-0.08549690246582031,0.07891678810119629,0.00357673317193985,0.09359180368483067,0.07534005492925644,-0.014675015583634377
M22.1-D1-L0,0,D1,1.0,f-instruction-08,instruction,replication,0.08256978541612625,-0.02047574147582054,0.02711375554402669,0.02711375554402669,0.08256978541612625,-0.02047574147582054,-0.8162784576416016,-0.7377042770385742,0.07857418060302734,0.051460425059000656,0.0039956048130989075,0.09904992207884789,0.04746482024590175,-0.04758949701984723
M22.1-D1-L8,8,D1,1.0,f-instruction-08,instruction,replication,0.033350300043821335,0.04108688235282898,0.02379457155863444,0.02379457155863444,0.033350300043821335,0.04108688235282898,-0.8162784576416016,-0.7678070068359375,0.04847145080566406,0.02467687924702962,0.015121150761842728,0.007384568452835083,0.009555728485186894,0.017292310794194538
M22.1-D1-L15,15,D1,1.0,f-instruction-08,instruction,replication,-0.1042768657207489,0.14259061217308044,-0.0065801143646240234,-0.0065801143646240234,-0.1042768657207489,0.14259061217308044,-0.8162784576416016,-0.9159259796142578,-0.09964752197265625,0.09306740760803223,0.004629343748092651,0.2422381341457367,0.08843806385993958,-0.14917072653770447
M22.1-D1-L0,0,D1,1.0,f-instruction-12,instruction,replication,-0.014411292970180511,-0.12817144393920898,0.02711375554402669,0.02711375554402669,-0.014411292970180511,-0.12817144393920898,-0.7526483535766602,-0.6915016174316406,0.06114673614501953,0.03403298060099284,0.07555802911520004,0.18931818008422852,-0.0415250485142072,-0.15528519948323566
M22.1-D1-L8,8,D1,1.0,f-instruction-12,instruction,replication,0.03184559568762779,0.05591023340821266,0.02379457155863444,0.02379457155863444,0.03184559568762779,0.05591023340821266,-0.7526483535766602,-0.719207763671875,0.033440589904785156,0.009646018346150715,0.001594994217157364,0.022469643503427505,0.008051024128993351,-0.01282362515727679
M22.1-D1-L15,15,D1,1.0,f-instruction-12,instruction,replication,-0.15383204817771912,0.07307854294776917,-0.0065801143646240234,-0.0065801143646240234,-0.15383204817771912,0.07307854294776917,-0.7526483535766602,-0.9049625396728516,-0.1523141860961914,0.14573407173156738,0.00151786208152771,0.22539272904396057,0.14421620965003967,-0.07965865731239319
M22.1-D1-L0,0,D1,1.0,f-instruction-16,instruction,replication,-0.31050679087638855,0.08107924461364746,0.02711375554402669,0.02711375554402669,-0.31050679087638855,0.08107924461364746,-0.5376062393188477,-0.6522064208984375,-0.11460018157958984,0.14171393712361655,0.1959066092967987,0.1956794261932373,-0.05419267217318216,-0.05396548906962076
M22.1-D1-L8,8,D1,1.0,f-instruction-16,instruction,replication,0.11489734053611755,0.11603264510631561,0.02379457155863444,0.02379457155863444,0.11489734053611755,0.11603264510631561,-0.5376062393188477,-0.41164112091064453,0.12596511840820312,0.10217054684956868,0.011067777872085571,0.009932473301887512,0.09110276897748311,0.09223807354768117
M22.1-D1-L15,15,D1,1.0,f-instruction-16,instruction,replication,-0.05902036651968956,0.07697340101003647,-0.0065801143646240234,-0.0065801143646240234,-0.05902036651968956,0.07697340101003647,-0.5376062393188477,-0.5960359573364258,-0.058429718017578125,0.0518496036529541,0.0005906485021114349,0.1354031190276146,0.05125895515084267,-0.08355351537466049
M22.1-D1-L0,0,D1,1.0,f-syntax-04,syntax,replication,-0.03865303099155426,-0.1570318639278412,0.02711375554402669,0.02711375554402669,-0.03865303099155426,-0.1570318639278412,-5.304250717163086,-5.341841697692871,-0.037590980529785156,0.06470473607381184,0.001062050461769104,0.11944088339805603,0.06364268561204274,-0.054736147324244186
M22.1-D1-L8,8,D1,1.0,f-syntax-04,syntax,replication,0.021619070321321487,0.01201196014881134,0.02379457155863444,0.02379457155863444,0.021619070321321487,0.01201196014881134,-5.304250717163086,-5.283945083618164,0.020305633544921875,0.0034889380137125663,0.0013134367763996124,0.008293673396110535,0.002175501237312954,-0.004804735382397968
M22.1-D1-L15,15,D1,1.0,f-syntax-04,syntax,replication,-0.02058025449514389,0.007255265489220619,-0.0065801143646240234,-0.0065801143646240234,-0.02058025449514389,0.007255265489220619,-5.304250717163086,-5.323330879211426,-0.019080162048339844,0.01250004768371582,0.0015000924468040466,0.026335427537560463,0.010999955236911774,-0.013835379853844643
M22.1-D1-L0,0,D1,1.0,f-syntax-08,syntax,replication,-0.014699645340442657,-0.006029542535543442,0.02711375554402669,0.02711375554402669,-0.014699645340442657,-0.006029542535543442,-3.7919883728027344,-3.7989253997802734,-0.0069370269775390625,0.03405078252156575,0.007762618362903595,0.0009074844419956207,0.026288164158662156,0.03314329807957013
M22.1-D1-L8,8,D1,1.0,f-syntax-08,syntax,replication,0.0007027247920632362,0.03689708933234215,0.02379457155863444,0.02379457155863444,0.0007027247920632362,0.03689708933234215,-3.7919883728027344,-3.7950401306152344,-0.0030517578125,0.02684632937113444,0.0037544826045632362,0.03994884714484215,0.023091846766571205,-0.013102517773707707
M22.1-D1-L15,15,D1,1.0,f-syntax-08,syntax,replication,-0.014612175524234772,-0.011108428239822388,-0.0065801143646240234,-0.0065801143646240234,-0.014612175524234772,-0.011108428239822388,-3.7919883728027344,-3.805405616760254,-0.013417243957519531,0.006837129592895508,0.0011949315667152405,0.0023088157176971436,0.005642198026180267,0.004528313875198364
M22.1-D1-L0,0,D1,1.0,f-syntax-12,syntax,replication,-0.11463373899459839,-0.12924453616142273,0.02711375554402669,0.02711375554402669,-0.11463373899459839,-0.12924453616142273,-4.115627288818359,-4.223586082458496,-0.10795879364013672,0.13507254918416342,0.00667494535446167,0.02128574252128601,0.12839760382970175,0.11378680666287741
M22.1-D1-L8,8,D1,1.0,f-syntax-12,syntax,replication,-0.003181353211402893,-0.01955365762114525,0.02379457155863444,0.02379457155863444,-0.003181353211402893,-0.01955365762114525,-4.115627288818359,-4.12016487121582,-0.0045375823974609375,0.02833215395609538,0.0013562291860580444,0.015016075223684311,0.026975924770037334,0.013316078732411068
M22.1-D1-L15,15,D1,1.0,f-syntax-12,syntax,replication,-0.0007331781089305878,-0.01040717400610447,-0.0065801143646240234,-0.0065801143646240234,-0.0007331781089305878,-0.01040717400610447,-4.115627288818359,-4.114654541015625,0.000972747802734375,0.0075528621673583984,0.0017059259116649628,0.011379921808838844,0.005846936255693436,-0.003827059641480446
M22.1-D1-L0,0,D1,1.0,f-syntax-16,syntax,replication,0.05536792799830437,-0.020937353372573853,0.02711375554402669,0.02711375554402669,0.05536792799830437,-0.020937353372573853,-2.4557132720947266,-2.4264888763427734,0.029224395751953125,0.0021106402079264334,0.026143532246351242,0.05016174912452698,-0.02403289203842481,-0.04805110891660054
M22.1-D1-L8,8,D1,1.0,f-syntax-16,syntax,replication,0.05411658436059952,-0.012149273417890072,0.02379457155863444,0.02379457155863444,0.05411658436059952,-0.012149273417890072,-2.4557132720947266,-2.402346611022949,0.053366661071777344,0.029572089513142902,0.0007499232888221741,0.06551593448966742,0.02882216622432073,-0.03594384497652452
M22.1-D1-L15,15,D1,1.0,f-syntax-16,syntax,replication,0.019893981516361237,-0.003663770854473114,-0.0065801143646240234,-0.0065801143646240234,0.019893981516361237,-0.003663770854473114,-2.4557132720947266,-2.4371538162231445,0.01855945587158203,0.025139570236206055,0.0013345256447792053,0.022223226726055145,0.02380504459142685,0.0029163435101509094
