prompt_id,partition,label,baseline_margin,intervened_margin,observed_effect,g,decision_b2,decision_b0,utility_b2,utility_b0
RC1-0001,EVIDENCE,NO,0.4706249237060547,0.5302200317382812,0.05959510803222656,0.026628230235646068,,,,
RC1-0002,EVIDENCE,YES,0.5444965362548828,0.6160717010498047,0.07157516479492188,0.04257136603091159,,,,
RC1-0003,EVIDENCE,NO,0.3973836898803711,0.4677772521972656,0.07039356231689453,0.035061077959161815,,,,
RC1-0004,EVIDENCE,YES,0.40691184997558594,0.47879886627197266,0.07188701629638672,0.03906649786728367,,,,
RC1-0005,EVIDENCE,NO,0.4254035949707031,0.4901580810546875,0.06475448608398438,0.029674894752587763,,,,
RC1-0006,EVIDENCE,YES,0.4249305725097656,0.4952821731567383,0.07035160064697266,0.034423122985783455,,,,
RC1-0007,EVIDENCE,NO,0.3124818801879883,0.38451576232910156,0.07203388214111328,0.03853196511172643,,,,
RC1-0008,EVIDENCE,YES,0.4754505157470703,0.5367422103881836,0.06129169464111328,0.029341688792627066,,,,
RC1-0009,EVIDENCE,NO,0.46794986724853516,0.5308465957641602,0.062896728515625,0.024853854706748682,,,,
RC1-0010,EVIDENCE,YES,0.5444860458374023,0.6026973724365234,0.058211326599121094,0.029218375450699205,,,,
RC1-0011,EVIDENCE,NO,0.5870094299316406,0.6232528686523438,0.036243438720703125,0.007193773372274559,,,,
RC1-0012,EVIDENCE,YES,0.6203765869140625,0.667140007019043,0.04676342010498047,0.018702064800321806,,,,
RC1-0013,VALIDATION,NO,,,,,,,,
RC1-0014,VALIDATION,YES,,,,,,,,
RC1-0015,VALIDATION,NO,,,,,,,,
RC1-0016,VALIDATION,YES,,,,,,,,
RC1-0017,VALIDATION,NO,,,,,,,,
RC1-0018,VALIDATION,YES,,,,,,,,
RC1-0019,VALIDATION,NO,,,,,,,,
RC1-0020,VALIDATION,YES,,,,,,,,
RC1-0021,VALIDATION,NO,,,,,,,,
RC1-0022,VALIDATION,YES,,,,,,,,
RC1-0023,VALIDATION,NO,,,,,,,,
RC1-0024,VALIDATION,YES,,,,,,,,
RC1-0025,HOLDOUT,NO,0.47421836853027344,0.5489950180053711,,,INTERVENE,INTERVENE,0,0
RC1-0026,HOLDOUT,YES,0.4678525924682617,0.5377254486083984,,,INTERVENE,INTERVENE,1,1
RC1-0027,HOLDOUT,NO,0.4734687805175781,0.5419178009033203,,,INTERVENE,INTERVENE,0,0
RC1-0028,HOLDOUT,YES,0.4726905822753906,0.5458669662475586,,,INTERVENE,INTERVENE,1,1
RC1-0029,HOLDOUT,NO,0.5202131271362305,0.5838165283203125,,,INTERVENE,INTERVENE,0,0
RC1-0030,HOLDOUT,YES,0.48125362396240234,0.548060417175293,,,INTERVENE,INTERVENE,1,1
RC1-0031,HOLDOUT,NO,0.5403404235839844,0.5962543487548828,,,INTERVENE,INTERVENE,0,0
RC1-0032,HOLDOUT,YES,0.46712589263916016,0.5356464385986328,,,INTERVENE,INTERVENE,1,1
RC1-0033,HOLDOUT,NO,0.49497222900390625,0.5577802658081055,,,INTERVENE,INTERVENE,0,0
RC1-0034,HOLDOUT,YES,0.49849987030029297,0.5662307739257812,,,INTERVENE,INTERVENE,1,1
RC1-0035,HOLDOUT,NO,0.49378204345703125,0.5551443099975586,,,INTERVENE,INTERVENE,0,0
RC1-0036,HOLDOUT,YES,0.48569202423095703,0.5486440658569336,,,INTERVENE,INTERVENE,1,1
RC1-0037,HOLDOUT,NO,0.41124439239501953,0.4730949401855469,,,INTERVENE,INTERVENE,0,0
RC1-0038,HOLDOUT,YES,0.4526557922363281,0.5207462310791016,,,INTERVENE,INTERVENE,1,1
RC1-0039,HOLDOUT,NO,0.47450828552246094,0.5430927276611328,,,INTERVENE,INTERVENE,0,0
RC1-0040,HOLDOUT,YES,0.4065427780151367,0.4817686080932617,,,INTERVENE,INTERVENE,1,1
RC1-0041,HOLDOUT,NO,0.5068645477294922,0.5690689086914062,,,INTERVENE,INTERVENE,0,0
RC1-0042,HOLDOUT,YES,0.4545249938964844,0.5407981872558594,,,INTERVENE,INTERVENE,1,1
RC1-0043,HOLDOUT,NO,0.4915628433227539,0.5583477020263672,,,INTERVENE,INTERVENE,0,0
RC1-0044,HOLDOUT,YES,0.4196643829345703,0.49211692810058594,,,INTERVENE,INTERVENE,1,1
RC1-0045,HOLDOUT,NO,0.44643211364746094,0.51446533203125,,,INTERVENE,INTERVENE,0,0
RC1-0046,HOLDOUT,YES,0.45310497283935547,0.52191162109375,,,INTERVENE,INTERVENE,1,1
RC1-0047,HOLDOUT,NO,0.4110288619995117,0.4733858108520508,,,INTERVENE,INTERVENE,0,0
RC1-0048,HOLDOUT,YES,0.3773975372314453,0.4561424255371094,,,INTERVENE,INTERVENE,1,1
